-- --------------------------------------------------------
--
-- Insertion pour la table `etudiant`
--
-- --------------------------------------------------------

INSERT INTO `etudiant` (`NUM_ETUDIANT`, `ID_LISTE`, `PRENOM_ETUDIANT`, `NOM_ETUDIANT`, `NAISSANCE_ETUDIANT`, `ADRESSE_ETUDIANT`, `TEL_ETUDIANT`, `EMAIL_ETUDIANT`, `ADRESSE_PARENTS`) VALUES
(48909, 779, 'Nikita', 'Kerluke', '1991-02-14', '2052 Otis Passage\nNew Joanniebury, NC 72821', '+6336242603826', 'nikita.kerluke@etu.univ-orleans.fr', '8305 Moore Radial\nSouth Giovanniberg, IN 58246-0808'),
(53507, 701, 'Granville', 'Lang', '2013-03-26', '89545 Pansy Valleys\nRocioland, NV 74885', '+3450173937050', 'granville.lang@etu.univ-orleans.fr', '73195 Alvera Springs\nWest Iciehaven, SD 05986'),
(103914, 242, 'Dandre', 'Hagenes', '1995-04-09', '152 Erling Springs\nWest Lululand, MI 05081-8268', '+1106707256582', 'dandre.hagenes@etu.univ-orleans.fr', '258 Hettie Unions Suite 389\nNew Rudolphborough, IN 52472'),
(124631, 948, 'Nathanael', 'Dietrich', '2020-01-19', '7014 Greenholt Inlet\nSouth Laury, LA 01565', '+2003811317137', 'nathanael.dietrich@etu.univ-orleans.fr', '8856 Ike Rapid Apt. 568\nLangoshton, NV 65021-7996'),
(187471, 544, 'Herman', 'Connelly', '2003-11-14', '9889 Keshaun Motorway Suite 766\nEast Hans, MS 84817-6142', '+9046672159709', 'herman.connelly@etu.univ-orleans.fr', '82829 Matteo Underpass\nKirlinbury, GA 58321-1996'),
(195522, 707, 'Kris', 'Hahn', '1988-07-04', '40028 Rice Cliffs Suite 763\nBeahanberg, TN 71007', '+3620071825106', 'kris.hahn@etu.univ-orleans.fr', '9743 Genevieve Land\nNew Majortown, CA 34894-1593'),
(200811, 708, 'Alvis', 'Hegmann', '2006-11-30', '551 Olson Freeway\nAmericoshire, MD 77546-8256', '+2883543642258', 'alvis.hegmann@etu.univ-orleans.fr', '5781 Wisozk Row\nSouth Reneemouth, OH 16677-4539'),
(201914, 408, 'Dagmar', 'Mertz', '1990-11-23', '7684 Bernhard Road\nKuhnview, WV 06387-7056', '+8394278030186', 'dagmar.mertz@etu.univ-orleans.fr', '29954 Moriah Points\nHirthestad, MT 96861-7378'),
(202630, 227, 'Michael', 'Schmeler', '2013-05-12', '422 Pouros Light\nPort Kory, OR 47947', '+7849782170365', 'michael.schmeler@etu.univ-orleans.fr', '2452 Runolfsdottir Manor Apt. 265\nLake Ashleighside, RI 49826-4746'),
(212932, 779, 'Matilda', 'Murray', '2002-12-01', '167 Isobel Way Suite 164\nVonmouth, MD 97033-5037', '+5098028459779', 'matilda.murray@etu.univ-orleans.fr', '56016 Kaela Coves Suite 474\nPort Theresetown, NH 90102'),
(231969, 585, 'Shanie', 'Cormier', '2020-03-20', '961 Davon Passage\nKalebchester, CA 04485-7099', '+4852574592692', 'shanie.cormier@etu.univ-orleans.fr', '637 Stanton Pike Suite 002\nWest Sallieberg, DC 89790'),
(255703, 934, 'Ressie', 'Bartoletti', '2017-09-24', '3803 Alize Oval\nArleneport, KS 24321-3820', '+1697012304874', 'ressie.bartoletti@etu.univ-orleans.fr', '621 Abernathy Squares\nVonRuedenville, ID 87124'),
(264973, 144, 'Jensen', 'Hoppe', '2006-07-20', '76273 Prosacco Summit Apt. 295\nElmoreshire, IL 78721-4859', '+5288203420632', 'jensen.hoppe@etu.univ-orleans.fr', '58167 Ben Isle\nEast Ruthie, IA 90648-9293'),
(268749, 472, 'Camron', 'Upton', '1997-01-07', '40168 Ramon Key Apt. 252\nWest Elsahaven, PA 65272', '+8243915982571', 'camron.upton@etu.univ-orleans.fr', '9537 Carmelo Junction Suite 583\nNew Noelmouth, ID 40788-8601'),
(381122, 706, 'Rosamond', 'Pfannerstill', '2017-05-05', '953 Aracely Mission Suite 875\nKossport, MO 06973', '+3171696760795', 'rosamond.pfannerstill@etu.univ-orleans.fr', '6055 Davis Streets\nLemkeburgh, AZ 02790'),
(395835, 715, 'Marlene', 'Braun', '1971-04-21', '414 Kade Viaduct Apt. 573\nAleneburgh, FL 91119', '+6938350286180', 'marlene.braun@etu.univ-orleans.fr', '7222 Frami Island Apt. 412\nCloydstad, GA 69086'),
(417354, 665, 'Colt', 'McCullough', '2007-11-19', '81267 Mitchell Prairie\nWest Annettahaven, NH 99485', '+1341954750581', 'colt.mccullough@etu.univ-orleans.fr', '1303 Rohan Prairie\nPort Kyleighshire, TX 78922-2008'),
(425959, 484, 'Tessie', 'Bednar', '2007-02-10', '2744 Mills Camp\nLake Lanechester, KY 12682-9599', '+7429727744253', 'tessie.bednar@etu.univ-orleans.fr', '241 Hazel Neck Suite 332\nZechariahview, ID 51322'),
(427651, 824, 'Leanna', 'Mayer', '2001-07-11', '41426 Parisian Square Apt. 516\nVidastad, NE 67120', '+3194489640315', 'leanna.mayer@etu.univ-orleans.fr', '3554 Lauren Greens\nNorth Jeramyfort, PA 60539-7489'),
(429711, 524, 'Izabella', 'Harris', '1975-02-11', '294 Hollis Mountains\nElisestad, MT 56184-1032', '+6713809844702', 'izabella.harris@etu.univ-orleans.fr', '948 Ilene Ford Suite 055\nCassinberg, FL 94759-3401'),
(430975, 778, 'Merlin', 'Schuster', '1980-09-30', '7961 Vena Well Apt. 624\nPort Shannon, ME 16630', '+4615312262124', 'merlin.schuster@etu.univ-orleans.fr', '594 Sammy Center Apt. 256\nArtmouth, ND 88593-9287'),
(457674, 38, 'Kyra', 'Runolfsson', '1972-03-30', '638 Gloria Burgs\nNew Yvette, PA 84125', '+3658326213518', 'kyra.runolfsson@etu.univ-orleans.fr', '143 Zboncak Streets Apt. 189\nSouth Birdieburgh, MI 21784-0331'),
(478887, 860, 'Andy', 'Adams', '2001-05-08', '3722 Olen Burg Apt. 139\nMcGlynnbury, NV 11226-8516', '+5068617625787', 'andy.adams@etu.univ-orleans.fr', '66078 Kristoffer Path\nNew Tessie, WV 58624'),
(527261, 648, 'Jeramy', 'Labadie', '2020-08-31', '875 Cora Loop\nThompsonville, RI 28193-1262', '+5328668426348', 'jeramy.labadie@etu.univ-orleans.fr', '751 Bernardo Freeway\nLake Marianne, IN 75858-7555'),
(528372, 940, 'Frances', 'Lubowitz', '2011-07-18', '47853 Kovacek Gardens Suite 866\nEast Vivafurt, NJ 81115-7660', '+7150277977468', 'frances.lubowitz@etu.univ-orleans.fr', '19146 Thelma Stravenue\nLake Cassandreland, MT 01565-4499'),
(554021, 860, 'Kobe', 'Powlowski', '2013-12-17', '545 Lila Isle\nLake Lera, NV 63748-4963', '+2693260982294', 'kobe.powlowski@etu.univ-orleans.fr', '1175 Laurel Harbors\nDarioview, MN 55910-6646'),
(560991, 160, 'Ted', 'Kling', '2016-02-12', '326 Kiehn Groves\nNorth Shaynahaven, NV 54311-3495', '+5326705522221', 'ted.kling@etu.univ-orleans.fr', '44150 Kenna Mount\nWest Frederikfort, NH 14215'),
(572036, 544, 'Stanford', 'Becker', '1978-08-03', '174 Braun Grove\nEnolaville, CO 71988', '+8874026784748', 'stanford.becker@etu.univ-orleans.fr', '19242 Antonia Ridges Suite 680\nNorth Vinniestad, AR 16660-7571'),
(604477, 618, 'Arlo', 'Tremblay', '1988-09-06', '1885 Devan Streets Apt. 451\nNew Claudine, SC 83248-2231', '+5870996744466', 'arlo.tremblay@etu.univ-orleans.fr', '9039 Arvid Junction Suite 348\nHageneschester, WA 45333'),
(613544, 273, 'Virgie', 'Collier', '1999-03-04', '77635 Paxton Rest\nLake Karli, NC 44816', '+9539920366466', 'virgie.collier@etu.univ-orleans.fr', '4076 Deckow Garden\nSouth Kaileyborough, DC 54689-8713'),
(638012, 273, 'Lue', 'Raynor', '1983-01-19', '1426 Julianne Mews\nMarquardtburgh, CO 31032-5597', '+2251092347101', 'lue.raynor@etu.univ-orleans.fr', '654 Deshawn Rue\nNorth Victor, GA 05322'),
(645651, 466, 'Breana', 'Marvin', '1996-04-26', '8344 Rowe Orchard\nSouth Kaileeton, SC 71766-4299', '+6446099311964', 'breana.marvin@etu.univ-orleans.fr', '85951 Shanahan Circles\nEast Hudson, UT 08860-8661'),
(654294, 299, 'Rahsaan', 'McCullough', '1995-05-28', '17374 Ruecker Viaduct\nLake Caroline, RI 36894-8816', '+4308463007994', 'rahsaan.mccullough@etu.univ-orleans.fr', '6179 Reynolds Spur Suite 304\nKozeyshire, KY 42313-6827'),
(660259, 249, 'Judd', 'Okuneva', '2015-08-19', '661 Kirlin Bypass Apt. 929\nEast Erling, KY 66575', '+6519168572685', 'judd.okuneva@etu.univ-orleans.fr', '548 Dillon Lodge Apt. 518\nLake Taliaview, MO 58284'),
(677418, 907, 'Kasandra', 'Lubowitz', '1998-07-20', '4508 Leonel Inlet\nMartafort, DC 19916-8141', '+5689164371685', 'kasandra.lubowitz@etu.univ-orleans.fr', '41340 Jade Dam Apt. 248\nWest Adatown, OR 41066'),
(711375, 648, 'Eula', 'Cummings', '1994-10-02', '413 Kub Mission\nJosiefort, KY 66081', '+3050728982521', 'eula.cummings@etu.univ-orleans.fr', '7652 Nikita Plaza Apt. 635\nRayberg, LA 14754-4545'),
(719796, 472, 'Cary', 'Hansen', '1971-05-08', '3729 Lowe Radial Apt. 572\nHudsonview, LA 40871-5266', '+4247029810533', 'cary.hansen@etu.univ-orleans.fr', '976 Mertz Bypass\nCreminfort, DC 86591-3531'),
(721293, 720, 'Kurt', 'Kuvalis', '1972-07-08', '34940 McLaughlin Forge\nOttofurt, WV 26690', '+4926205466305', 'kurt.kuvalis@etu.univ-orleans.fr', '47306 Sidney Drives Suite 489\nWest Telly, HI 76968'),
(721390, 290, 'Anthony', 'Huel', '1998-07-19', '416 Jamarcus Extensions\nEast Dustinchester, DC 89900', '+2431417061007', 'anthony.huel@etu.univ-orleans.fr', '8902 Treva Gateway Suite 803\nReidside, OK 35740'),
(767126, 565, 'Ernie', 'Wolf', '1995-04-20', '25553 Pfeffer Locks Suite 126\nCarmelfort, CT 47389-5572', '+4231945569998', 'ernie.wolf@etu.univ-orleans.fr', '74875 Adams Squares\nSouth Makennamouth, CA 04213'),
(778823, 820, 'Marquise', 'Hintz', '1973-05-17', '7350 Bartell Shoal\nJarrodland, ND 88842', '+5299421397290', 'marquise.hintz@etu.univ-orleans.fr', '8851 Elaina Bypass\nWest Marcus, MA 18043'),
(785024, 283, 'Barney', 'Dicki', '1996-01-22', '445 Nils Stream Apt. 596\nLake Daniela, VT 65684', '+1907879081236', 'barney.dicki@etu.univ-orleans.fr', '351 Gutkowski Plain Apt. 916\nSouth Selina, OK 12660-3197'),
(788541, 803, 'Kylie', 'Bernier', '2011-07-07', '4981 Berry Corners\nDenesikshire, NC 27906', '+7649494319530', 'kylie.bernier@etu.univ-orleans.fr', '460 Douglas Causeway\nPaucekland, RI 34030'),
(797379, 52, 'Hannah', 'Nienow', '1997-08-24', '79266 Chloe Junctions Suite 742\nLake Donnell, TX 13367-5273', '+1863101696222', 'hannah.nienow@etu.univ-orleans.fr', '806 Langworth Haven Suite 682\nKshlerinmouth, VT 51406-3198'),
(797812, 283, 'Gus', 'Muller', '1983-07-13', '1936 Mazie Ramp\nRolandomouth, FL 60833', '+9850767743281', 'gus.muller@etu.univ-orleans.fr', '4577 Halvorson Neck\nNorth Ismaelburgh, SD 40980-5789'),
(816222, 352, 'Julian', 'Torphy', '2007-07-31', '15373 Lindgren Crossroad\nWest Ron, OH 98407-9284', '+8921468119085', 'julian.torphy@etu.univ-orleans.fr', '7836 Homenick Roads Suite 697\nDonmouth, KY 76860'),
(838514, 714, 'Reed', 'Runolfsson', '2001-06-02', '46989 Antonina Divide Apt. 985\nEarnestmouth, NV 21057-3267', '+5174054982046', 'reed.runolfsson@etu.univ-orleans.fr', '346 Pagac Drive\nMaverickstad, IL 52217-6550'),
(852338, 922, 'Joe', 'Treutel', '1981-12-30', '77879 Emmalee Road Apt. 362\nMarquardtland, MS 37551-2204', '+7158906555788', 'joe.treutel@etu.univ-orleans.fr', '8385 Schuster Vista Apt. 482\nSouth Joanne, VA 59405-5738'),
(854064, 408, 'Virginie', 'Walsh', '1996-07-01', '89740 Hilpert Glens Suite 307\nEast Kayton, AK 01909', '+6985632552715', 'virginie.walsh@etu.univ-orleans.fr', '1975 Judah Camp\nPort Floyd, MO 55657-8667'),
(858552, 619, 'Esteban', 'Krajcik', '2014-11-25', '9607 David Underpass Apt. 940\nSouth Orrin, MA 04314-0205', '+7159984547426', 'esteban.krajcik@etu.univ-orleans.fr', '8585 Gutkowski Flat Apt. 591\nMosciskichester, NV 76057-1827'),
(879979, 528, 'Vincent', 'Block', '2011-09-25', '907 Wilford Garden Suite 684\nDonnellyville, MA 79220-8522', '+5656038880633', 'vincent.block@etu.univ-orleans.fr', '602 Heathcote Glens Apt. 549\nHeberland, LA 19654-1918'),
(888753, 551, 'Jerod', 'Okuneva', '1997-11-05', '339 Lesch Squares Apt. 733\nWest Arjunville, WI 59795', '+7840445099407', 'jerod.okuneva@etu.univ-orleans.fr', '4768 Adolphus Tunnel\nSouth Nathanael, FL 92123'),
(936454, 470, 'Kevin', 'Zulauf', '2011-12-21', '243 Loraine Walk Suite 466\nFeeneyville, CO 26891-4120', '+8476175370607', 'kevin.zulauf@etu.univ-orleans.fr', '328 Olson Overpass Apt. 378\nWest Marisa, NJ 20304'),
(944123, 803, 'Porter', 'Lowe', '2009-10-08', '6190 Antonia Plains Apt. 292\nEvelineberg, IL 51494-8625', '+7791198001415', 'porter.lowe@etu.univ-orleans.fr', '853 Verna Summit\nParkerland, HI 78543'),
(951339, 380, 'Rhoda', 'Hill', '1991-01-22', '595 Doyle Greens\nLazaroton, ND 92182', '+4095170879157', 'rhoda.hill@etu.univ-orleans.fr', '1840 Charlie Rapid Apt. 528\nBernierport, RI 15493-0116'),
(1005773, 193, 'Janick', 'Torphy', '1976-01-18', '935 Howe Grove\nSouth Kaitlin, NM 35693-5385', '+6741865894657', 'janick.torphy@etu.univ-orleans.fr', '2498 Barton Parkways Apt. 477\nNorth Jonas, OR 30908'),
(1024733, 806, 'Colin', 'Rohan', '1983-01-10', '22423 Athena Landing\nGarretfort, WY 17416', '+3536090955110', 'colin.rohan@etu.univ-orleans.fr', '43119 Alicia Falls Apt. 235\nSouth Elaina, NE 35521-7056'),
(1051211, 707, 'Lyla', 'Walsh', '2015-04-26', '55455 King Throughway Apt. 012\nNew Nestor, PA 16737-5892', '+9957019851049', 'lyla.walsh@etu.univ-orleans.fr', '44383 Okuneva Trail Apt. 426\nErdmanburgh, IN 01979-7752'),
(1082501, 327, 'Gwendolyn', 'Labadie', '2008-08-05', '646 Lebsack Burgs Apt. 785\nDiamondport, NV 79531', '+4387086690708', 'gwendolyn.labadie@etu.univ-orleans.fr', '93958 Jake Forge\nSchowalterview, MD 23614'),
(1134777, 959, 'Landen', 'Nicolas', '2010-02-02', '99031 Eunice Corner\nDonaldburgh, WV 27327-8316', '+5892654075222', 'landen.nicolas@etu.univ-orleans.fr', '731 Dahlia Branch\nNorth Sigurd, SD 61334'),
(1163477, 278, 'Lexus', 'Deckow', '2011-03-19', '434 Waters Crossing Apt. 116\nBridiebury, VA 88747-5760', '+8246621570411', 'lexus.deckow@etu.univ-orleans.fr', '471 Rogahn Squares\nTurcottebury, WA 37591'),
(1172335, 25, 'Evan', 'Ryan', '2017-07-29', '1193 Ericka Curve\nWest Baileeshire, DE 99919', '+3882808568877', 'evan.ryan@etu.univ-orleans.fr', '7225 Haag Roads Suite 870\nSouth Ianmouth, NC 37312-1626'),
(1174283, 242, 'Salvador', 'Adams', '1990-05-14', '593 Goyette Well\nNew Melvin, MS 70323-8065', '+9906389160818', 'salvador.adams@etu.univ-orleans.fr', '1830 Krajcik Light\nNorth Alexys, VA 00342-0482'),
(1194651, 129, 'Sasha', 'Hirthe', '2004-05-17', '51808 Pacocha Views\nBradland, ME 72904-1838', '+2668082344594', 'sasha.hirthe@etu.univ-orleans.fr', '2157 Verda Greens Apt. 967\nKingside, VT 79933-2123'),
(1218585, 278, 'Nicolas', 'Weber', '1986-04-25', '2724 Greenholt Lock Suite 113\nNew Adamberg, SC 59964', '+2587493636132', 'nicolas.weber@etu.univ-orleans.fr', '2239 Bergnaum Ports Apt. 360\nJedediahland, DC 35086-9865'),
(1238971, 23, 'Orpha', 'Considine', '1991-05-07', '997 Ulices Trafficway\nWest Raymundo, OH 88924-5651', '+8491010457004', 'orpha.considine@etu.univ-orleans.fr', '8394 Kaitlin Fall Suite 035\nNew Darren, MA 73027'),
(1241853, 821, 'Bill', 'Gerhold', '2020-02-29', '5301 Madilyn Turnpike Suite 524\nNorth Ashton, CO 63317', '+3964308777004', 'bill.gerhold@etu.univ-orleans.fr', '28035 Frances Stravenue Apt. 543\nHuelsville, PA 23145'),
(1245678, 674, 'Leta', 'Beahan', '2016-12-30', '21737 Helena Crescent\nNew Sharonside, KY 87085-3074', '+4285120864407', 'leta.beahan@etu.univ-orleans.fr', '21358 Lindgren Ports Apt. 663\nLorenzastad, ME 55401'),
(1269198, 125, 'Brycen', 'Klein', '1987-11-04', '5878 Smitham Underpass\nPort Delphafurt, MI 51483', '+3227442824675', 'brycen.klein@etu.univ-orleans.fr', '4337 Megane Point Apt. 452\nEast Lauraton, DE 40718-5642'),
(1325347, 854, 'Gretchen', 'Davis', '2008-01-13', '351 Ortiz Lodge Apt. 577\nEast Anahiport, NM 39473', '+5237990806255', 'gretchen.davis@etu.univ-orleans.fr', '438 Robel Street\nLake Lenna, WA 02821-8099'),
(1358954, 91, 'Lia', 'Hermiston', '1982-08-24', '422 Walter Well\nNew Mack, NJ 29453', '+7660605578566', 'lia.hermiston@etu.univ-orleans.fr', '2517 Casper Turnpike\nPort Rowland, CO 47903-3157'),
(1360698, 907, 'Danny', 'Howe', '1990-04-05', '4254 Arthur Plain Apt. 649\nMcCulloughville, KS 78825', '+5760341104233', 'danny.howe@etu.univ-orleans.fr', '647 Filomena Turnpike\nHilltown, AZ 92691-9099'),
(1374848, 940, 'Janessa', 'Brekke', '1991-07-03', '104 Judge Crossing Suite 444\nClaremouth, OR 94036-5788', '+3152705591613', 'janessa.brekke@etu.univ-orleans.fr', '2147 Rose Estates\nTeaganbury, ID 31750'),
(1393142, 508, 'Jeffery', 'Cruickshank', '1971-05-13', '713 Adrian Mill\nAnnamaefort, OK 99038-5356', '+2528568372102', 'jeffery.cruickshank@etu.univ-orleans.fr', '4626 Erdman Trail\nTerrillburgh, CO 53411'),
(1419465, 214, 'Sherwood', 'Carroll', '2008-01-31', '2882 Borer Ranch Apt. 526\nNorth Chloe, NY 86413-4934', '+3848629862849', 'sherwood.carroll@etu.univ-orleans.fr', '36595 Alfonso Canyon Suite 210\nEast Hildafort, VT 54982-6107'),
(1424953, 776, 'Miguel', 'Thompson', '1989-12-05', '608 Von Landing Apt. 945\nEzrahaven, RI 08121', '+3839719428868', 'miguel.thompson@etu.univ-orleans.fr', '83378 Jonathon Park\nStacybury, RI 95513'),
(1432945, 314, 'Natalia', 'Reynolds', '2007-04-24', '17681 Wunsch Lock\nSheaton, TN 66563-6381', '+6143970553821', 'natalia.reynolds@etu.univ-orleans.fr', '21369 Romaguera Underpass Suite 892\nGreenholtberg, MN 97126-8023'),
(1441751, 906, 'Tara', 'Jerde', '2008-05-06', '997 Graciela Passage\nKaylieport, TX 42096', '+6917980078811', 'tara.jerde@etu.univ-orleans.fr', '7862 Amparo Valleys\nPort Katheryn, WV 38202'),
(1444257, 824, 'Jedediah', 'Littel', '1973-11-05', '8673 Jerod Forge\nPort Jazmyn, WY 25601', '+7910921240857', 'jedediah.littel@etu.univ-orleans.fr', '6589 Miller Burgs\nNew Thea, KS 57789-5502'),
(1466583, 129, 'Danika', 'Kautzer', '1986-09-19', '489 Mohr Greens\nTreutelmouth, DC 46138-9114', '+7923462258989', 'danika.kautzer@etu.univ-orleans.fr', '94146 Justus Oval Suite 182\nLangborough, MN 84303-8496'),
(1511694, 756, 'Horace', 'Bergstrom', '1996-06-30', '56846 Yost Road\nLaronbury, KY 28849', '+4360256064829', 'horace.bergstrom@etu.univ-orleans.fr', '41372 Floy Park Apt. 928\nNorth Patricia, WV 22135-2769'),
(1520113, 75, 'Magnolia', 'Hackett', '1979-05-20', '1619 Luella Plain\nEast Jamesonfurt, DE 43773', '+8392626790545', 'magnolia.hackett@etu.univ-orleans.fr', '37856 Mariah Path\nRandybury, ID 99554'),
(1526436, 364, 'Karson', 'Welch', '1990-07-05', '41024 Sipes Pass\nPort Felipa, CT 90110-1298', '+5806182445706', 'karson.welch@etu.univ-orleans.fr', '8821 Schaden Flat Apt. 779\nRaynorhaven, PA 36700-3671'),
(1559976, 706, 'Brandy', 'Nicolas', '1997-11-05', '7658 Maybell Mission\nNorth Kaden, DE 83837', '+8683183937878', 'brandy.nicolas@etu.univ-orleans.fr', '41654 Herman Port\nUrsulaberg, AL 19926'),
(1578615, 312, 'Keeley', 'Prohaska', '2011-05-26', '230 Dora Key\nSouth Jaquan, NH 36643', '+6155499417401', 'keeley.prohaska@etu.univ-orleans.fr', '159 Dillon Plaza Suite 862\nMcDermottfort, AL 08457-1541'),
(1580780, 832, 'Noemi', 'Langosh', '2010-04-27', '6955 Eudora Ranch\nWest Vellatown, AZ 74191-1079', '+9597181317963', 'noemi.langosh@etu.univ-orleans.fr', '69996 Efrain Circles\nWest Willy, NJ 83427'),
(1609114, 706, 'Carol', 'Considine', '1984-07-13', '238 Cremin Glen\nRobelfort, KS 53772', '+7145911263569', 'carol.considine@etu.univ-orleans.fr', '32651 Rachel Viaduct Apt. 369\nNorth Neil, SC 35063-9498'),
(1634799, 824, 'Sabina', 'Ankunding', '1988-12-27', '5918 Wilford Path Apt. 146\nYvonneport, VT 01868-3941', '+1658717139943', 'sabina.ankunding@etu.univ-orleans.fr', '2457 Walker Gateway\nPort Lindahaven, KS 99856-8850'),
(1678582, 470, 'Adolphus', 'Tremblay', '1971-08-31', '953 Stanton Center Apt. 619\nRobynchester, WI 69050-5131', '+6650736477427', 'adolphus.tremblay@etu.univ-orleans.fr', '60373 Parker Viaduct\nMafaldaview, AK 66293-4403'),
(1697445, 355, 'Verdie', 'Franecki', '1998-10-08', '4718 Imogene Freeway Suite 682\nReynoldsshire, MN 16939', '+1913610617236', 'verdie.franecki@etu.univ-orleans.fr', '9022 Hodkiewicz Extension\nMerlinside, CA 51574'),
(1700136, 587, 'Sebastian', 'Macejkovic', '1981-09-15', '948 Emmanuel Canyon Suite 532\nQueenieville, CO 93303', '+6062773307071', 'sebastian.macejkovic@etu.univ-orleans.fr', '19903 Abshire Crescent\nBrekkeborough, CT 16841'),
(1715660, 273, 'Darrion', 'Wilkinson', '2011-06-01', '48582 Donna Place Suite 426\nMarlenville, VA 70614-4526', '+7915306061716', 'darrion.wilkinson@etu.univ-orleans.fr', '878 Auer Route\nPort Giovanni, OK 31183-0350'),
(1724927, 52, 'Avery', 'Davis', '1982-07-16', '83029 Ezequiel Mountains\nNew Hayleeborough, SD 14204', '+7456060342339', 'avery.davis@etu.univ-orleans.fr', '6015 Lakin Ramp Suite 636\nLisandroton, IN 07624'),
(1726389, 906, 'Gardner', 'Hamill', '1974-09-13', '332 Domenick Flats\nEast Heather, AL 72012-3354', '+1431176977930', 'gardner.hamill@etu.univ-orleans.fr', '6746 Waelchi Cape\nCharlieview, NE 74974-6405'),
(1744382, 299, 'Rashad', 'Simonis', '1972-05-03', '6605 Witting Terrace\nLarkinville, MN 14812', '+6585929762715', 'rashad.simonis@etu.univ-orleans.fr', '577 Jewell Harbors Apt. 682\nPort Enamouth, WI 07651'),
(1757360, 300, 'Jaydon', 'Jacobs', '1998-04-13', '663 Emmerich Parkways\nPort Bridgette, AK 20709', '+7727466902419', 'jaydon.jacobs@etu.univ-orleans.fr', '70237 Deckow Point\nWest Berniceport, MO 24001-2497'),
(1797596, 470, 'Laverne', 'Braun', '1981-01-30', '6906 Yolanda Forks Apt. 169\nSouth Leta, NE 58709', '+1965720066150', 'laverne.braun@etu.univ-orleans.fr', '39926 Letitia Forks\nMyriamview, ND 26304-5908'),
(1816952, 328, 'Elyse', 'Kovacek', '1972-04-30', '58591 Royal Corners Suite 147\nMatteostad, MD 45770', '+3636079912739', 'elyse.kovacek@etu.univ-orleans.fr', '3980 Autumn Lodge\nEast Trystanmouth, ME 11159'),
(1835712, 913, 'Ursula', 'Kunze', '1984-05-13', '5685 Hodkiewicz Ports Suite 326\nYvonnechester, MD 00235-9203', '+8568227066073', 'ursula.kunze@etu.univ-orleans.fr', '2012 Jaiden Corner\nWest Marjolainehaven, FL 66332'),
(1839601, 554, 'Henderson', 'Hansen', '2009-09-20', '949 Tillman River\nMatildechester, IL 62628-8368', '+8752674035114', 'henderson.hansen@etu.univ-orleans.fr', '2885 Cummings Trafficway Suite 901\nNorth Lloydberg, ME 06085'),
(1844784, 102, 'Clarabelle', 'Skiles', '1974-10-02', '3121 Erich Extensions\nKatelynnborough, FL 15192', '+2115288677678', 'clarabelle.skiles@etu.univ-orleans.fr', '451 Allene Canyon\nNelsonton, OR 24769-4854'),
(1851703, 996, 'Gladyce', 'Braun', '1978-08-25', '6170 Brisa Mountain\nWolfburgh, CO 24982-0676', '+6362961994053', 'gladyce.braun@etu.univ-orleans.fr', '5152 Hassan Rapid\nEmardchester, KY 37735'),
(1856104, 376, 'Brenda', 'Moore', '2015-04-23', '76900 Marquise Vista Suite 106\nNew Alberto, DC 52639', '+9630552495028', 'brenda.moore@etu.univ-orleans.fr', '6732 Keebler Throughway Suite 176\nSchillerville, MD 16498-9151'),
(1866784, 816, 'Earl', 'Marquardt', '2018-08-26', '6203 McCullough River Suite 097\nDorthytown, MS 37384-4726', '+3920819590177', 'earl.marquardt@etu.univ-orleans.fr', '880 Brekke Brook Suite 423\nSouth Katelynview, MS 36358'),
(1889783, 355, 'Emie', 'Windler', '2020-05-15', '78732 Schaefer Stream\nWest Alifurt, IN 09053-4564', '+4823709565229', 'emie.windler@etu.univ-orleans.fr', '2507 Flatley Summit Apt. 581\nFreddyshire, FL 93696'),
(1924652, 364, 'Jayda', 'Romaguera', '1978-12-09', '71663 Jada Skyway Apt. 672\nNew Wallace, IL 48696-5830', '+6988005499630', 'jayda.romaguera@etu.univ-orleans.fr', '849 King Burgs Apt. 983\nWest Melissaside, ND 28666'),
(1960827, 374, 'Xavier', 'Renner', '2007-01-31', '3318 Mosciski Glen Apt. 568\nLake Flavioborough, NY 49348', '+7687511389477', 'xavier.renner@etu.univ-orleans.fr', '97556 Pacocha Island Apt. 910\nEast Michale, NH 48091-6199'),
(1974377, 948, 'Robert', 'Schmidt', '1982-03-27', '71583 Bud Road\nCristside, TN 32525-6916', '+5340149052635', 'robert.schmidt@etu.univ-orleans.fr', '784 Kaycee Mill\nNew Amalialand, NC 25950'),
(1983598, 867, 'Cleve', 'Swift', '2019-03-30', '7993 Barton Curve Suite 292\nBatzhaven, WA 62467-5256', '+3961807560093', 'cleve.swift@etu.univ-orleans.fr', '4136 Douglas Plaza\nLake Britney, MN 12459'),
(1984710, 118, 'Zachery', 'Boyer', '2017-07-10', '476 Quigley Stream\nMertieshire, ME 80521', '+1161626187082', 'zachery.boyer@etu.univ-orleans.fr', '3797 Glover Center Apt. 335\nMarlonfurt, VA 34951-1491'),
(1985562, 193, 'Nestor', 'Fay', '1974-06-09', '1609 Armstrong Brooks Suite 085\nLake Denis, NM 81185-7195', '+2240867555872', 'nestor.fay@etu.univ-orleans.fr', '606 Kellen Run Apt. 639\nNorth Jammie, WA 86313'),
(1999452, 160, 'Tracy', 'Dickinson', '2017-08-19', '539 Fabiola Corners\nSouth Doug, ME 68499-7446', '+7421648236537', 'tracy.dickinson@etu.univ-orleans.fr', '66593 Gayle Mountains\nLake Samson, MT 62405'),
(2019802, 172, 'Haylie', 'Mayer', '2005-12-22', '54712 Pattie Manors\nSouth Eva, IA 31025-7950', '+7388610965763', 'haylie.mayer@etu.univ-orleans.fr', '25045 Reynolds Parkway\nLebsackfurt, GA 04335'),
(2036486, 925, 'Loma', 'Becker', '2012-08-09', '19521 Kasandra Lock\nTaramouth, KS 24828', '+1199195665088', 'loma.becker@etu.univ-orleans.fr', '595 Senger Landing\nMarianview, AZ 02987-6391'),
(2043075, 806, 'Winnifred', 'Lockman', '1985-07-06', '15691 Hodkiewicz Prairie\nPort Edythe, HI 61248-8173', '+7969324729815', 'winnifred.lockman@etu.univ-orleans.fr', '33417 Nathen Square\nNew Katelynnshire, TN 55474'),
(2048775, 725, 'Cecilia', 'Hansen', '2016-06-18', '267 Daisha Bypass Suite 352\nClarabellebury, SC 77739-5387', '+6593542108367', 'cecilia.hansen@etu.univ-orleans.fr', '350 Wilfrid Rapid Apt. 929\nJacobiview, CO 58076-0160'),
(2055735, 901, 'Haven', 'Schoen', '2004-12-04', '817 Ratke Forks Suite 602\nNew Jeremieside, OR 51669', '+5307785914796', 'haven.schoen@etu.univ-orleans.fr', '5057 Justen Tunnel\nNonaborough, PA 76025-2243'),
(2065755, 319, 'Dora', 'Zieme', '2020-06-18', '691 Waelchi Crest\nCorwinfort, VA 89785', '+5061707274021', 'dora.zieme@etu.univ-orleans.fr', '40369 Sipes Track Suite 026\nNanniebury, WI 93633-5198'),
(2067923, 610, 'Erika', 'White', '2015-01-30', '9860 Padberg Crossing\nEast Ernestohaven, CA 96037-3803', '+3888965430083', 'erika.white@etu.univ-orleans.fr', '677 Erika Trace Apt. 235\nPort Casandra, SC 31282'),
(2083772, 334, 'Jennie', 'Feest', '1990-06-30', '37508 Predovic Forks Suite 763\nKiehnberg, RI 32190', '+3042721133665', 'jennie.feest@etu.univ-orleans.fr', '72323 Stanford Station\nNorth Lindamouth, MD 14186'),
(2114249, 300, 'Glenda', 'Torp', '1981-11-18', '989 Gaylord Groves Suite 549\nEast Alekmouth, NY 66962', '+8737059325425', 'glenda.torp@etu.univ-orleans.fr', '12098 Rempel Mills Apt. 516\nWest Estellland, ME 51440'),
(2115826, 975, 'Euna', 'Jerde', '2002-07-10', '918 Daugherty Lodge\nMcLaughlinmouth, AZ 84622', '+8088659430420', 'euna.jerde@etu.univ-orleans.fr', '53682 DuBuque Neck Apt. 019\nEthelynberg, TN 20264'),
(2124560, 610, 'Fletcher', 'White', '1997-12-26', '41193 Ignacio Locks\nSouth Dallasberg, WY 82713', '+8936301605060', 'fletcher.white@etu.univ-orleans.fr', '7201 Crist View Suite 055\nPort Dock, IN 63975-1222'),
(2132295, 840, 'Monica', 'Blick', '2000-01-30', '9742 Koch Rest\nCronaland, SD 10548-6147', '+4968664743442', 'monica.blick@etu.univ-orleans.fr', '854 Farrell Fields\nCorrinefort, RI 68789'),
(2144490, 380, 'Jacques', 'Tremblay', '1996-04-10', '6043 Hammes Rapid Apt. 918\nLueilwitzchester, AZ 54764-7479', '+8077015133870', 'jacques.tremblay@etu.univ-orleans.fr', '7488 Shaylee Point\nEarlenemouth, MO 71331'),
(2151235, 374, 'Chaim', 'Herman', '1988-11-03', '422 Asia Cape\nWintheiserbury, KY 65512', '+3530770079010', 'chaim.herman@etu.univ-orleans.fr', '30639 Brooks Crest\nWest Vicente, NJ 05890'),
(2171692, 63, 'Hyman', 'Walter', '2007-03-24', '501 Bruen Way Apt. 929\nElzaside, ID 31343-7697', '+6335733161204', 'hyman.walter@etu.univ-orleans.fr', '322 Gleason Route\nLake Paulaville, AR 40949'),
(2177234, 323, 'Mauricio', 'Mante', '1996-01-16', '6438 Meredith Motorway Apt. 005\nOrnmouth, IL 87618-0395', '+2106383070750', 'mauricio.mante@etu.univ-orleans.fr', '376 Catharine Tunnel\nEast Bennyville, TX 63480'),
(2187566, 227, 'Sammy', 'Pacocha', '1992-12-29', '70240 Cartwright Square Suite 117\nWest Macey, ID 60648-4795', '+8978934385446', 'sammy.pacocha@etu.univ-orleans.fr', '5023 Addie Villages Suite 729\nLorimouth, RI 51139'),
(2221368, 825, 'Eleazar', 'Cormier', '1978-03-31', '59960 Rosendo Flat Suite 674\nSouth Jalonmouth, NE 96767-6527', '+5396778348150', 'eleazar.cormier@etu.univ-orleans.fr', '2266 Rosario Lakes\nBayerstad, DE 47237-9332'),
(2222032, 207, 'Estel', 'Walker', '2011-05-14', '6520 Stark Village\nJadenstad, LA 09372', '+1316328678336', 'estel.walker@etu.univ-orleans.fr', '3397 Rodriguez Ferry\nSouth Rebekabury, NE 28599-4686'),
(2236277, 319, 'Claudine', 'Harris', '1975-03-09', '255 Ledner Trail\nTylertown, CO 23257', '+3076085849138', 'claudine.harris@etu.univ-orleans.fr', '2156 Farrell Road\nNikolausbury, MO 43954-4974'),
(2249763, 841, 'Lavinia', 'Robel', '1977-04-30', '57702 Larkin Vista\nKellyton, NY 70017', '+2682537854414', 'lavinia.robel@etu.univ-orleans.fr', '30704 Bernhard Pike Apt. 039\nNew Declan, TN 57482-1765'),
(2263959, 960, 'Makenzie', 'Ernser', '1971-11-08', '4261 Maiya Drives Apt. 862\nLake Ashtyn, IA 95606-0530', '+6256755993103', 'makenzie.ernser@etu.univ-orleans.fr', '501 Perry Tunnel\nHudsonburgh, KY 79686'),
(2278422, 528, 'Wyatt', 'Hahn', '1976-11-09', '1690 Huels Burg\nEast Erichshire, MA 67503-7611', '+3807363549907', 'wyatt.hahn@etu.univ-orleans.fr', '93470 Kris Track\nSouth Alysson, NC 44040-8945'),
(2342047, 33, 'Rosina', 'Bartell', '2012-02-26', '6428 Botsford Bypass Apt. 121\nNorth Svenside, MD 55860-1113', '+5137640042450', 'rosina.bartell@etu.univ-orleans.fr', '158 Schuppe Park Apt. 224\nMerlinmouth, MO 05463'),
(2364058, 337, 'Chester', 'Gerlach', '2013-11-24', '471 Hyatt Corner Suite 980\nConnellychester, MI 45909-9955', '+6933203673881', 'chester.gerlach@etu.univ-orleans.fr', '77496 Renee Knoll\nJamaalville, AZ 45408'),
(2367636, 820, 'Nathen', 'Will', '2019-12-12', '46437 Kerluke Squares Apt. 801\nNorth Harvey, NE 63681-3909', '+5641432327318', 'nathen.will@etu.univ-orleans.fr', '4134 Greenfelder Park\nPort Diamondhaven, MA 24756-2856'),
(2383763, 907, 'Lorenz', 'Rogahn', '1992-02-28', '411 Haley Estate Suite 430\nChadrickton, ND 21178-6342', '+5710301293160', 'lorenz.rogahn@etu.univ-orleans.fr', '252 Dorothy Points\nLake Alvena, IL 32382-0916'),
(2385904, 996, 'Moriah', 'Gusikowski', '2016-01-21', '3790 Stamm Roads\nEast Terrenceton, IL 83795-9307', '+2225751661171', 'moriah.gusikowski@etu.univ-orleans.fr', '50735 Jaren Circles Suite 471\nLake Ericka, OR 03328-5221'),
(2398651, 779, 'Emilio', 'Jones', '1972-02-03', '3833 Gwendolyn Ville\nPort Rosina, CT 23924-1209', '+1531951625653', 'emilio.jones@etu.univ-orleans.fr', '3225 Nader Forks\nZettafurt, NE 11368'),
(2434770, 907, 'Valentin', 'Veum', '2005-12-12', '39281 Auer Crest Suite 438\nSouth Toby, NM 35182', '+6858542465774', 'valentin.veum@etu.univ-orleans.fr', '872 Schaefer Harbor Apt. 246\nNorth Aliyaview, WI 09641'),
(2435761, 335, 'Lola', 'Klein', '2009-04-22', '1603 Welch Points Apt. 423\nEast Reece, CO 56770-7059', '+8654909207254', 'lola.klein@etu.univ-orleans.fr', '51289 Kylie Corners Suite 977\nDeangeloland, ME 88695-5798'),
(2439608, 466, 'Jessica', 'Boehm', '2018-03-19', '97786 Sporer Passage Suite 789\nNew Jonathanborough, TN 45540-3038', '+7155590255645', 'jessica.boehm@etu.univ-orleans.fr', '8494 Savion Cliffs Apt. 044\nSouth Filomenashire, WA 03270-1963'),
(2443267, 975, 'Trisha', 'Abernathy', '1991-10-30', '259 Schulist Landing Suite 809\nNienowchester, CO 42058', '+3908078645836', 'trisha.abernathy@etu.univ-orleans.fr', '50478 Rogahn Knolls\nTerrillfurt, AR 14130-2961'),
(2458518, 451, 'Millie', 'Mayer', '2007-12-14', '668 Leuschke Port Apt. 839\nNorth Benjaminstad, AL 67872', '+4115239683919', 'millie.mayer@etu.univ-orleans.fr', '6337 Deckow Terrace\nSouth Nicolas, CO 24245'),
(2460855, 524, 'Kirsten', 'Bayer', '1990-05-21', '844 Devante Villages Suite 800\nWest Constantin, KY 54406-7816', '+5032618070405', 'kirsten.bayer@etu.univ-orleans.fr', '868 Orn Prairie Apt. 246\nWest Georgiannastad, GA 69871'),
(2477875, 555, 'Nya', 'Emard', '1986-10-26', '57810 Calista Trace\nWittingshire, WV 22500-7618', '+5854562718256', 'nya.emard@etu.univ-orleans.fr', '89137 Gerlach Trafficway Apt. 558\nMartinemouth, GA 70877'),
(2486335, 508, 'Josephine', 'Lesch', '1995-02-28', '478 Micheal Camp\nNew Mafalda, OR 65761-6542', '+4249502595193', 'josephine.lesch@etu.univ-orleans.fr', '29756 Schulist Dam Suite 688\nNew Sarinaland, VA 31432'),
(2531269, 707, 'Chloe', 'Lueilwitz', '1998-10-13', '420 Gorczany Spring\nNorth Ronaldoview, PA 61980', '+9827858606841', 'chloe.lueilwitz@etu.univ-orleans.fr', '834 Dameon Canyon Apt. 971\nLake Oranmouth, DC 35183'),
(2536426, 511, 'Ward', 'Heidenreich', '1999-02-26', '8737 Conroy Parks Suite 377\nEast Orlando, MO 20924', '+1958221754288', 'ward.heidenreich@etu.univ-orleans.fr', '855 Rachel Valley\nJenafurt, SC 45386-7925'),
(2539232, 451, 'Chaz', 'Braun', '1996-12-30', '190 Mayert Drive Suite 862\nNorth Enrique, KY 65739-5949', '+9734291397552', 'chaz.braun@etu.univ-orleans.fr', '33102 Hazle Lodge Apt. 945\nLake Chase, CO 55898'),
(2551673, 720, 'Cali', 'Hane', '1982-09-08', '5628 Heathcote Spring Suite 288\nSouth Dayton, MO 28082', '+7200111347871', 'cali.hane@etu.univ-orleans.fr', '3932 Champlin Club Suite 745\nSouth Nicolaberg, DE 75053-9363'),
(2553577, 319, 'Selena', 'Harvey', '1996-08-27', '371 Mckenna Row Suite 341\nMcLaughlinchester, MO 75346', '+7737427329142', 'selena.harvey@etu.univ-orleans.fr', '2603 Tillman Rue\nWest Brenna, MS 88370'),
(2553876, 89, 'Aylin', 'McLaughlin', '2002-03-02', '188 Elise Overpass\nKihnchester, MA 02256', '+6690219676616', 'aylin.mclaughlin@etu.univ-orleans.fr', '299 Johanna Divide Suite 000\nBeulahside, WV 50808-2546'),
(2571957, 63, 'Grady', 'Kiehn', '1980-04-22', '6090 Wunsch Cape\nAmeliastad, RI 35592-6393', '+1686704004337', 'grady.kiehn@etu.univ-orleans.fr', '3229 Alek Summit Apt. 027\nWalterland, ND 23395'),
(2601456, 592, 'Jerad', 'Murray', '2020-08-12', '257 Denesik Manors Suite 325\nOttoland, VT 11877', '+1298818131519', 'jerad.murray@etu.univ-orleans.fr', '17522 Karlie Meadow\nHuelport, ID 14534'),
(2605509, 33, 'Marcel', 'Adams', '1998-03-23', '73687 Rutherford Spur\nNew Danialburgh, SD 28724-6832', '+1263313063486', 'marcel.adams@etu.univ-orleans.fr', '5510 Torphy Inlet Apt. 549\nThielborough, AK 56647-5946'),
(2610736, 111, 'Neil', 'Goodwin', '2018-12-13', '57625 Hill Freeway Suite 317\nNorth Gayle, DC 32478', '+2872610115519', 'neil.goodwin@etu.univ-orleans.fr', '26519 Rath Corners\nSouth Alexandrinefurt, SC 15117-8031'),
(2626996, 732, 'Aileen', 'Rutherford', '1998-02-05', '492 Shanon Harbors\nWest Ferne, MS 29887-7563', '+2921398157771', 'aileen.rutherford@etu.univ-orleans.fr', '472 Paucek Corners Suite 462\nAronmouth, NJ 41770'),
(2627385, 323, 'Nash', 'Will', '1997-11-04', '579 Idell Ville\nPort Roberta, OH 78797-0860', '+4526666062579', 'nash.will@etu.univ-orleans.fr', '65048 Gerhold Pass\nLeafurt, AL 38245-3935'),
(2628259, 214, 'Burley', 'Mann', '1985-12-29', '5607 Farrell Brook Apt. 123\nNorth Celine, NV 60097', '+7889517052653', 'burley.mann@etu.univ-orleans.fr', '80862 Lourdes Glen Apt. 498\nPort Eulahmouth, AK 40749'),
(2634444, 981, 'Bradley', 'Koepp', '1986-03-31', '45568 Stone Circles Suite 015\nZechariahstad, WY 48300-4325', '+5332158135640', 'bradley.koepp@etu.univ-orleans.fr', '473 Emmanuelle Plain\nLake Mac, OR 17200'),
(2636653, 300, 'Reid', 'Abernathy', '2020-07-24', '76696 Kessler Trail\nSouth Cathrine, NH 83261', '+4780129197177', 'reid.abernathy@etu.univ-orleans.fr', '668 Conroy Avenue Apt. 840\nSouth Estrellaberg, MN 44443'),
(2642594, 172, 'Kelton', 'Runolfsson', '2013-07-04', '6143 Rodriguez Lodge Apt. 008\nHauckview, IN 60293-9658', '+9334003149675', 'kelton.runolfsson@etu.univ-orleans.fr', '555 Jeremy Ford Suite 343\nStantonstad, OR 33304'),
(2675601, 555, 'Josh', 'Kirlin', '2007-08-07', '244 Kub Lodge\nLake Antonio, AR 50661-4359', '+5582948321533', 'josh.kirlin@etu.univ-orleans.fr', '680 Barrows Motorway\nJacyntheport, ND 54885'),
(2688364, 275, 'Rylee', 'Halvorson', '1974-07-01', '22059 McClure Divide\nEast Yolandaland, ND 82112-1213', '+6855507286892', 'rylee.halvorson@etu.univ-orleans.fr', '142 Price Roads Suite 765\nThompsonmouth, MS 61448'),
(2708867, 524, 'Layla', 'Russel', '1983-03-11', '58701 Kaden Roads\nFishertown, SD 77671', '+4465443575334', 'layla.russel@etu.univ-orleans.fr', '32214 Ethelyn Harbor Suite 557\nHansenton, MI 30206'),
(2725361, 289, 'Sophie', 'Kulas', '1981-10-13', '27979 Kuhic Ville Apt. 240\nSouth Julianaburgh, NV 03843-7993', '+8112839470456', 'sophie.kulas@etu.univ-orleans.fr', '4909 Lakin Field\nPort Leonieshire, TX 86362-7947'),
(2734894, 375, 'Helena', 'Schiller', '1999-11-08', '83829 Bartoletti Circles\nNorth Madisyn, KS 97128-8988', '+2791511990066', 'helena.schiller@etu.univ-orleans.fr', '6167 Maud Greens\nNorth Jenafurt, MO 06566'),
(2748570, 629, 'Karson', 'Abernathy', '2006-10-10', '75934 Bins Fords\nMaybellberg, MO 94238', '+4545030796035', 'karson.abernathy@etu.univ-orleans.fr', '4819 Quigley Isle\nNew Kylemouth, NH 37424-7966'),
(2778380, 451, 'Blair', 'Becker', '1970-04-01', '230 Spencer Isle Apt. 881\nPort Estelleland, OR 61913', '+5437869190164', 'blair.becker@etu.univ-orleans.fr', '34385 Prohaska Pass Suite 137\nSouth Heaven, IA 42330-8217'),
(2784162, 511, 'Cydney', 'Brakus', '1988-07-30', '69206 Kiehn Stream\nZoieton, LA 35090', '+7678086902840', 'cydney.brakus@etu.univ-orleans.fr', '3606 Robel Islands Suite 071\nChristellemouth, MO 61600'),
(2813578, 560, 'Gregory', 'Jenkins', '2010-07-01', '1069 Bayer Knolls\nNorth Irvingview, FL 21892', '+8811865694791', 'gregory.jenkins@etu.univ-orleans.fr', '395 Caterina Mountain Suite 916\nNew Madisyn, WV 89885'),
(2861189, 978, 'Eula', 'Ankunding', '1971-10-21', '73600 Goodwin Camp\nPort Anselfort, NC 11099', '+4103112839260', 'eula.ankunding@etu.univ-orleans.fr', '742 Medhurst Station\nWest Ariannafort, ID 57617'),
(2888496, 325, 'Melisa', 'Mante', '1996-10-19', '2675 Barton Vista Suite 846\nNew Ivah, ID 82348', '+9431668511386', 'melisa.mante@etu.univ-orleans.fr', '7245 Feil Way Apt. 565\nFerrymouth, CO 20075'),
(2902234, 821, 'Graciela', 'Schultz', '1978-07-13', '928 Graham Crest Apt. 957\nEast Aliciabury, MS 67875-4533', '+9052977143535', 'graciela.schultz@etu.univ-orleans.fr', '99089 Lamar Gardens Suite 958\nSchowalterchester, NM 18367-8059'),
(2920249, 91, 'Hardy', 'Adams', '2001-05-22', '806 Melissa Vista Apt. 128\nPort Rosemary, ND 85098', '+7399516515649', 'hardy.adams@etu.univ-orleans.fr', '1808 Anderson Pass Suite 090\nGleichnerport, MT 68889'),
(2932040, 300, 'Brenna', 'Sauer', '2011-09-04', '170 Torphy Fields Suite 939\nEast Carolmouth, NH 09538', '+5159222454795', 'brenna.sauer@etu.univ-orleans.fr', '22119 Alyce Valley\nDeeborough, KS 78269-4269'),
(2958051, 289, 'Vada', 'Will', '2016-04-14', '92276 Mikel Spur\nTownefurt, FL 60671', '+8867695969192', 'vada.will@etu.univ-orleans.fr', '9095 Grimes Parks\nEast Williamhaven, ND 49178'),
(2978545, 779, 'Zackery', 'Kreiger', '2010-08-07', '9379 Beatty Trafficway\nPort Pietroberg, MS 08372', '+7309387754058', 'zackery.kreiger@etu.univ-orleans.fr', '868 Annetta Wall Apt. 895\nKingburgh, LA 64461-3736'),
(2982248, 613, 'Alden', 'Streich', '1988-12-15', '468 Corwin Manor Suite 610\nAshlyport, SD 44735', '+4563515497412', 'alden.streich@etu.univ-orleans.fr', '288 Kling Valley\nWest Luella, OR 01643-2779'),
(2982957, 528, 'Bud', 'Kihn', '1994-12-13', '8549 Sanford Brook\nJudsonmouth, AL 66956', '+6899656952406', 'bud.kihn@etu.univ-orleans.fr', '1084 Alexandrine Ford Suite 735\nLake Kendallton, WI 97667-2885'),
(3029357, 627, 'Jazmin', 'Oberbrunner', '1982-05-03', '53106 Elmo Pass\nJacobimouth, DE 22964', '+8608218758240', 'jazmin.oberbrunner@etu.univ-orleans.fr', '88117 Beier Drive Apt. 047\nWest Brannonborough, NH 28097'),
(3035932, 421, 'Chaim', 'Deckow', '1977-02-04', '82493 Jayden Estate Apt. 774\nSouth Taliachester, AZ 66954-4117', '+9783988809424', 'chaim.deckow@etu.univ-orleans.fr', '2325 Phyllis Villages\nEast Aleenville, MO 99130-8175'),
(3041305, 132, 'Timmy', 'Corwin', '2003-04-26', '9263 Welch Lights Apt. 306\nSchuppeport, MI 05042-7457', '+9322912545258', 'timmy.corwin@etu.univ-orleans.fr', '99874 Vandervort Crest\nBatztown, DC 72331-0238'),
(3043913, 661, 'Delta', 'Ankunding', '1974-03-05', '27576 Daisha Drive\nWest Albina, HI 89066-7052', '+2210204882365', 'delta.ankunding@etu.univ-orleans.fr', '5750 Michaela Alley Suite 102\nTurcottefort, NJ 95332-6186'),
(3063974, 852, 'Kane', 'Davis', '2015-05-06', '5623 Schmitt Cape Apt. 842\nStreichton, TN 72586-7572', '+9842154882965', 'kane.davis@etu.univ-orleans.fr', '433 Nicolas Mount Apt. 149\nDonchester, SC 06292-6358'),
(3087254, 731, 'Benton', 'Considine', '2006-11-30', '82535 Jarrod Drive Suite 410\nSouth Gertrude, TX 26249', '+5936084391608', 'benton.considine@etu.univ-orleans.fr', '76816 Murazik Stravenue Suite 012\nHoustonhaven, NE 66799-3418'),
(3093605, 25, 'Dorris', 'Jenkins', '1985-05-09', '322 Swaniawski Vista\nHelenetown, GA 67663-7733', '+2245729751018', 'dorris.jenkins@etu.univ-orleans.fr', '6717 Wilma Summit Apt. 015\nArdenville, DC 02213'),
(3113675, 986, 'Olaf', 'Witting', '2003-02-21', '79913 Cremin View\nSouth Buddy, MD 84307', '+6415723029354', 'olaf.witting@etu.univ-orleans.fr', '19365 Gust Shore Suite 092\nSusanberg, WA 48204-2842'),
(3166453, 484, 'Willow', 'Senger', '1984-04-01', '1089 Bauch Union\nVivianburgh, HI 04743', '+6842334219240', 'willow.senger@etu.univ-orleans.fr', '71917 Buckridge Union Apt. 988\nSouth Idaport, MS 76190'),
(3188156, 484, 'Silas', 'Wilderman', '2010-11-24', '743 Aimee Views Apt. 125\nBartolettiview, MS 72477-4019', '+6480458269302', 'silas.wilderman@etu.univ-orleans.fr', '439 Michale Highway\nNorth Elvabury, NM 73197'),
(3194546, 786, 'Miracle', 'Orn', '1990-05-13', '2685 Beatty Union Apt. 723\nWaylonview, RI 21982', '+6384452114728', 'miracle.orn@etu.univ-orleans.fr', '24292 Steve Prairie Suite 775\nBlickfurt, IA 55906'),
(3206592, 592, 'Carlos', 'Carter', '1983-10-31', '5597 Gleason Mews\nKiehnview, NC 50464', '+9169214954692', 'carlos.carter@etu.univ-orleans.fr', '3702 Anderson Divide\nLake Gracie, RI 14025'),
(3229446, 803, 'Lafayette', 'Schoen', '2001-10-15', '273 Akeem Common\nLennaville, IN 25606', '+4451166969132', 'lafayette.schoen@etu.univ-orleans.fr', '67234 Hudson Lock Suite 766\nWunschmouth, WV 10369-2299'),
(3295147, 376, 'Viva', 'Jacobson', '1997-04-30', '7853 Ayana Lodge Suite 831\nLake Elnafurt, DC 79924', '+5163373369532', 'viva.jacobson@etu.univ-orleans.fr', '695 Jessie Path Apt. 731\nWest Jermaineburgh, WI 43642-8495'),
(3303838, 779, 'Ophelia', 'Herman', '1973-06-21', '90246 Johns Island Suite 551\nMortonview, MT 09566-0505', '+6905670316284', 'ophelia.herman@etu.univ-orleans.fr', '57185 Walton Passage\nFramiburgh, CO 35248'),
(3316549, 849, 'Regan', 'Metz', '1979-11-01', '314 Stamm Summit Suite 226\nSouth Kianberg, LA 77156-0748', '+3968764123871', 'regan.metz@etu.univ-orleans.fr', '2661 Harrison Brooks\nNasirstad, IN 95526'),
(3317388, 239, 'Hal', 'Batz', '1974-10-06', '676 Winona Fork\nNew Callie, WI 93738', '+7523296050036', 'hal.batz@etu.univ-orleans.fr', '7378 Prosacco Lodge Apt. 285\nHegmannhaven, WY 94309'),
(3343437, 216, 'Joshua', 'Brekke', '1989-08-20', '84622 Rebeka Bypass Apt. 434\nKayleighside, SD 63521-5903', '+7716693981649', 'joshua.brekke@etu.univ-orleans.fr', '827 Josue Bridge\nJeremyfort, KY 04529-5766'),
(3345985, 555, 'Kaia', 'Satterfield', '2004-01-14', '8638 Kendrick Shoal\nLake Markusview, ND 94265', '+4968261626306', 'kaia.satterfield@etu.univ-orleans.fr', '82789 Xander Field\nNew Hallieville, AL 66607-0918'),
(3356229, 816, 'Roman', 'Johns', '1991-08-09', '13124 Justen Street Apt. 088\nSmithfort, WI 73437-1774', '+7913990864406', 'roman.johns@etu.univ-orleans.fr', '2189 Reynold Oval Apt. 449\nRauport, AK 94497'),
(3360803, 816, 'Hildegard', 'Kiehn', '1981-11-29', '14118 Johnston Locks Suite 077\nEast Clintmouth, AZ 51647-8818', '+4351569410974', 'hildegard.kiehn@etu.univ-orleans.fr', '9551 Bechtelar Center\nIrvingport, ME 93232'),
(3362726, 786, 'Rosetta', 'Keebler', '2013-09-14', '22262 Rylee Place Apt. 621\nJamisonshire, AL 08258', '+9034058923514', 'rosetta.keebler@etu.univ-orleans.fr', '1429 Ettie Park Suite 950\nGardnerfort, CT 03903'),
(3366547, 860, 'Magnolia', 'Zemlak', '2014-03-05', '538 Hermiston Neck Apt. 411\nNorth Opal, CT 18887-1759', '+2969444342632', 'magnolia.zemlak@etu.univ-orleans.fr', '4210 Devonte Throughway\nWest Lelafort, OH 88914-0465'),
(3372137, 324, 'Javon', 'Bauch', '2000-02-18', '655 Collins Mountain Suite 949\nLittletown, SD 18517-1242', '+2820088502187', 'javon.bauch@etu.univ-orleans.fr', '529 Josephine Coves\nNorth Grayson, ID 32339-3679'),
(3373226, 820, 'Cayla', 'Gerlach', '1979-11-29', '49434 Walter Mews\nSouth Reta, FL 23646', '+1919759924362', 'cayla.gerlach@etu.univ-orleans.fr', '95738 Amira Haven\nSydnifurt, CO 54446'),
(3382110, 787, 'Marlen', 'Fisher', '1995-11-16', '7601 Kaya Ville\nSouth Marina, MT 53161', '+5847840481683', 'marlen.fisher@etu.univ-orleans.fr', '2347 Myrl Ridge\nFeeneymouth, FL 92914'),
(3403959, 668, 'Amie', 'Morar', '1970-10-10', '267 Wilbert Motorway Suite 102\nPort Owen, WY 47316', '+1325483756390', 'amie.morar@etu.univ-orleans.fr', '94547 Carter Station\nSouth Rupert, AR 64926-6068'),
(3442472, 335, 'Colleen', 'Davis', '1993-12-19', '66688 Mabelle Crest Suite 153\nMikaylabury, TN 11662-9810', '+7016936446192', 'colleen.davis@etu.univ-orleans.fr', '991 Sawayn Plaza\nSchmidtburgh, OR 80206'),
(3447547, 124, 'Krystel', 'Nikolaus', '1970-01-17', '5981 Mills Heights\nNew Ardellastad, TN 09555', '+2555827816903', 'krystel.nikolaus@etu.univ-orleans.fr', '912 Fanny Via Suite 145\nSouth Osvaldo, NY 76144-9438'),
(3454343, 314, 'Maddison', 'Huel', '1982-03-18', '264 Rowe Summit\nIgnaciofurt, MN 31207', '+2457406037780', 'maddison.huel@etu.univ-orleans.fr', '3391 Kiera Harbors Apt. 746\nPort Lesley, MN 28925'),
(3457967, 862, 'Kianna', 'Herman', '1974-12-19', '710 Conroy Route\nSouth Alaina, RI 51160', '+7193141237171', 'kianna.herman@etu.univ-orleans.fr', '61670 Zboncak Oval Apt. 074\nLake Lavon, NH 07448'),
(3471863, 216, 'Agustin', 'Nitzsche', '2001-01-29', '97554 Brenda Causeway Apt. 191\nFisherville, MS 06741', '+3171016042110', 'agustin.nitzsche@etu.univ-orleans.fr', '3276 Melyssa Spur Suite 819\nKennethhaven, MA 47272-9203'),
(3475404, 587, 'Stacey', 'Goodwin', '1995-04-05', '91182 Mosciski Parkway Apt. 885\nLangport, MI 33712-8262', '+5396052927064', 'stacey.goodwin@etu.univ-orleans.fr', '5669 Lilyan Fords Suite 583\nHayeston, AR 04384'),
(3518566, 323, 'Caitlyn', 'Bins', '2002-12-17', '31305 Eden Crescent\nNew Rick, IA 97380', '+8074345561753', 'caitlyn.bins@etu.univ-orleans.fr', '48254 Lowe Hollow\nWalkershire, IA 33340-0816'),
(3554940, 290, 'Annie', 'Dare', '2014-06-16', '346 Brice Ranch Apt. 169\nNorth Jonathon, AR 98337', '+1680040187640', 'annie.dare@etu.univ-orleans.fr', '12713 Zboncak Stravenue\nSouth Cordie, ID 94249'),
(3568138, 544, 'Savion', 'Ryan', '2010-01-13', '9612 Ariel Gardens\nSouth Alessandrotown, ME 41373-5250', '+1244762641400', 'savion.ryan@etu.univ-orleans.fr', '13207 Marcellus Dam\nConsidinechester, MI 53030'),
(3624695, 352, 'Wyatt', 'Kautzer', '1994-05-09', '3453 Torphy Lodge Suite 838\nNew Grayce, AR 07285', '+6044004652885', 'wyatt.kautzer@etu.univ-orleans.fr', '22097 Estefania Land Apt. 946\nZiemeberg, IL 33701-5594'),
(3625329, 335, 'Madaline', 'Cremin', '1999-12-01', '24742 Geovany Tunnel Apt. 569\nHomenicktown, MA 80355', '+3711282964945', 'madaline.cremin@etu.univ-orleans.fr', '4512 Zieme Ville\nWest Anne, NE 08147'),
(3638460, 334, 'Arch', 'Torp', '2008-12-01', '4066 Will Ports\nLake Bill, NH 59597', '+8403022083202', 'arch.torp@etu.univ-orleans.fr', '103 Flavio Forge\nAliciafurt, NC 67867'),
(3669929, 806, 'Seth', 'Batz', '1998-12-16', '588 Brekke Avenue\nPort Ben, MO 82958', '+4833077553510', 'seth.batz@etu.univ-orleans.fr', '2383 Mosciski Bridge Suite 325\nNorth Eliezer, AZ 54722'),
(3682923, 686, 'Baby', 'Wolf', '1996-05-12', '366 Koepp Glen Suite 995\nNorth Carleymouth, SC 68015-0732', '+7797873343184', 'baby.wolf@etu.univ-orleans.fr', '153 Hailee Walks\nNew Betsy, DE 45935'),
(3732911, 786, 'Delmer', 'Maggio', '1977-10-22', '51559 Kaylah Springs\nReichelfort, WV 15837-7557', '+4496623276166', 'delmer.maggio@etu.univ-orleans.fr', '2622 Maud Row\nJordyport, MN 69000'),
(3741240, 981, 'Brody', 'Rohan', '1981-09-29', '7222 Pat Summit\nEast Kristaberg, NV 17654-9082', '+5658866747571', 'brody.rohan@etu.univ-orleans.fr', '19996 Ocie Hill\nPort Gilbert, GA 75554'),
(3746479, 707, 'Estell', 'Blanda', '1982-11-22', '138 Aufderhar Loop Apt. 085\nBalistreriland, OH 37754', '+1360300940665', 'estell.blanda@etu.univ-orleans.fr', '401 Hunter Unions\nHarrischester, NE 40950'),
(3755916, 484, 'Estevan', 'Lowe', '2014-11-27', '2365 Jeremie Turnpike\nWest Lilyland, MN 73673', '+5127223232044', 'estevan.lowe@etu.univ-orleans.fr', '47841 Ondricka Mount Apt. 961\nNorth Imanimouth, AL 43692'),
(3762235, 824, 'Arno', 'Beahan', '2014-06-12', '2900 Tia Estate\nHettieburgh, WI 14223-1214', '+9624596541070', 'arno.beahan@etu.univ-orleans.fr', '379 Zelma Loaf\nBednarton, NJ 89260-3689'),
(3780822, 524, 'Jeremy', 'Wolf', '2013-09-15', '25484 Grady Hollow\nPort Alexane, OR 44116', '+1500745455660', 'jeremy.wolf@etu.univ-orleans.fr', '579 Johnson Court\nBraulioton, ND 91458-5928'),
(3844473, 214, 'Giovanni', 'Hermiston', '1994-01-02', '68545 Fredy Path Apt. 387\nSchoenville, MO 91443', '+6675675482121', 'giovanni.hermiston@etu.univ-orleans.fr', '60442 Willms Spurs\nFidelland, ID 89280'),
(3849878, 551, 'Archibald', 'Schaefer', '2019-02-28', '93150 Casandra Parkways Apt. 857\nPort Leann, MS 00474', '+9709760914505', 'archibald.schaefer@etu.univ-orleans.fr', '61392 Collin Vista Apt. 412\nKareemmouth, WY 13755-7790'),
(3880737, 901, 'Orland', 'Jacobs', '1981-03-26', '603 Koepp Summit Apt. 320\nHayesmouth, ID 87393-7588', '+3348935866471', 'orland.jacobs@etu.univ-orleans.fr', '4824 Tromp Circle\nBartolettihaven, ID 21507-9767'),
(3890240, 877, 'Maxie', 'Bailey', '2004-04-16', '6458 Luisa Plaza Suite 672\nEast Jackie, WA 48107', '+6623092092729', 'maxie.bailey@etu.univ-orleans.fr', '800 Unique View\nJakaylahaven, VT 28120'),
(3941940, 362, 'Michel', 'Stroman', '1998-07-22', '5084 Auer Dale\nWest Darrylbury, NM 90084', '+5840987365245', 'michel.stroman@etu.univ-orleans.fr', '2272 Kuphal Islands Apt. 884\nKubhaven, MA 77408'),
(3960759, 862, 'Maria', 'Lowe', '2007-08-30', '7695 Johann Turnpike Suite 063\nSouth Nellieshire, SC 05531-1493', '+3803419863702', 'maria.lowe@etu.univ-orleans.fr', '85776 Naomi Common Suite 151\nWest Sarahberg, OH 58307-7432'),
(3987193, 554, 'Scarlett', 'Hansen', '1985-10-18', '803 Hills Hill Apt. 216\nBogisichland, UT 19002', '+6712503772609', 'scarlett.hansen@etu.univ-orleans.fr', '546 Dwight Cliff\nOlgachester, VA 85075'),
(3996887, 266, 'Gust', 'Bartoletti', '2004-08-18', '310 Blanche Ranch\nNikkishire, FL 71459-8188', '+4296665425148', 'gust.bartoletti@etu.univ-orleans.fr', '5756 Raynor Roads Suite 271\nGeorgeview, KY 55337-1056');
INSERT INTO `etudiant` (`NUM_ETUDIANT`, `ID_LISTE`, `PRENOM_ETUDIANT`, `NOM_ETUDIANT`, `NAISSANCE_ETUDIANT`, `ADRESSE_ETUDIANT`, `TEL_ETUDIANT`, `EMAIL_ETUDIANT`, `ADRESSE_PARENTS`) VALUES
(4013222, 862, 'Noemie', 'Schuppe', '1976-07-09', '1911 Mertz Coves\nWest Archport, IN 18523-9290', '+8227929709331', 'noemie.schuppe@etu.univ-orleans.fr', '93395 Friesen Centers\nKilbackport, IA 97533'),
(4024863, 172, 'Chance', 'Zboncak', '1978-09-26', '721 Salvador Spur Suite 204\nAkeemmouth, NE 53490', '+7391273234008', 'chance.zboncak@etu.univ-orleans.fr', '94001 Marlen Fords\nCarmelland, MO 21275'),
(4045306, 216, 'Maddison', 'Franecki', '1982-07-02', '4948 Hermiston Loaf\nNew Alyciaport, FL 36274', '+7180116300246', 'maddison.franecki@etu.univ-orleans.fr', '6039 Dietrich Turnpike Suite 126\nSchoenhaven, NY 75064-9127'),
(4061329, 529, 'Ivah', 'Yundt', '1996-07-24', '50092 Kohler Gardens Apt. 173\nBednarhaven, OK 16994', '+9287377305522', 'ivah.yundt@etu.univ-orleans.fr', '3266 Rosetta Passage\nPort Trystan, GA 83300-8281'),
(4077474, 244, 'Bell', 'Hahn', '2000-06-29', '3688 Jonathon Summit\nKshlerinside, NE 46655-5744', '+8558111764049', 'bell.hahn@etu.univ-orleans.fr', '53967 Zula Trail Suite 620\nHaleyland, WY 02683'),
(4086515, 328, 'Gunner', 'Hessel', '2012-11-29', '1204 Dulce Ways Suite 369\nJaniceshire, AL 28282', '+1384719548700', 'gunner.hessel@etu.univ-orleans.fr', '85590 Stoltenberg Spur\nNew Linwoodmouth, IA 27408'),
(4091769, 244, 'Carol', 'Mraz', '1976-06-30', '484 Stroman Villages Apt. 799\nCierraport, NM 13681-2261', '+7467366075022', 'carol.mraz@etu.univ-orleans.fr', '12843 Lillian Plains\nNew Bennett, RI 34683'),
(4093393, 712, 'Zoie', 'Ward', '2006-07-22', '8866 Bogan Park Suite 575\nStrackeville, IL 60635', '+8953061052611', 'zoie.ward@etu.univ-orleans.fr', '471 Malinda Mount Suite 681\nSouth Yasminetown, WI 60178-1363'),
(4101330, 913, 'Dax', 'Mertz', '1988-07-26', '421 Shaun Land\nEast Patsyshire, IN 56494-7623', '+6036014287987', 'dax.mertz@etu.univ-orleans.fr', '8529 Joseph Rapid\nSouth Darius, NH 03935-1801'),
(4110997, 907, 'Meda', 'Bode', '2004-09-13', '9329 Chance Oval\nPort Maritzafort, KY 28025-6566', '+8351239358928', 'meda.bode@etu.univ-orleans.fr', '54931 Darren Mountain Apt. 000\nCarrollview, DE 07691'),
(4114192, 725, 'Kariane', 'Daniel', '1986-08-10', '86428 Braun Rest Apt. 471\nMayerview, TN 48490', '+6292085237946', 'kariane.daniel@etu.univ-orleans.fr', '44606 Paucek Valley Suite 027\nLake Shannonmouth, SC 65006-8503'),
(4164217, 327, 'Kailey', 'Grady', '2016-06-13', '632 Perry Oval Suite 706\nDustyport, IA 34953-7331', '+5826597038644', 'kailey.grady@etu.univ-orleans.fr', '4554 Hintz Crossroad\nEast Betsy, ND 45490'),
(4206695, 281, 'Baby', 'Terry', '2001-07-13', '42091 Kaylee Throughway Suite 058\nDemarioshire, WI 52413-5787', '+5565598449455', 'baby.terry@etu.univ-orleans.fr', '8871 Homenick Vista\nJacobsfurt, TX 74355'),
(4222283, 524, 'Shea', 'Quitzon', '2000-06-16', '7240 General Place Suite 228\nFisherville, ND 50919', '+3995647523494', 'shea.quitzon@etu.univ-orleans.fr', '19833 Camilla Island Apt. 006\nHettingerland, MT 87591'),
(4232848, 289, 'Monserrat', 'Dietrich', '2001-05-18', '11201 Zemlak Unions\nDietrichton, MN 84767-1231', '+9545812833862', 'monserrat.dietrich@etu.univ-orleans.fr', '30918 Farrell Gardens\nRobbtown, CT 96571-5589'),
(4266655, 752, 'Lambert', 'Leffler', '1977-06-28', '1710 Harvey Terrace\nSchowalterton, HI 26402-2151', '+2342215449998', 'lambert.leffler@etu.univ-orleans.fr', '4909 Welch Stravenue Suite 032\nMonahanchester, VA 35501'),
(4286425, 803, 'Billie', 'Wilkinson', '1972-01-17', '7364 Lubowitz Mission Apt. 101\nBuckridgetown, WI 18973-6795', '+2422964293512', 'billie.wilkinson@etu.univ-orleans.fr', '82800 Eliseo Hill Suite 610\nNorth Victor, OR 67124'),
(4309985, 907, 'Samara', 'Quigley', '1988-07-04', '6783 Chance Views\nDickensland, OR 12919', '+9996028712894', 'samara.quigley@etu.univ-orleans.fr', '75665 Jaron Ports\nWehnerside, ID 57999'),
(4315120, 686, 'Violette', 'Schaden', '1993-10-23', '561 Lonzo Locks\nLake Era, NJ 92160', '+1379789638300', 'violette.schaden@etu.univ-orleans.fr', '2354 Denesik Highway\nColemanshire, RI 63617'),
(4332078, 565, 'Muhammad', 'Nolan', '1998-12-07', '97225 Barrows Port Apt. 610\nOrvilleport, AR 27734-0224', '+6925320308599', 'muhammad.nolan@etu.univ-orleans.fr', '47841 Antwan Roads Apt. 183\nNataliamouth, GA 77543-5629'),
(4349427, 290, 'Alexander', 'Ritchie', '1993-01-24', '581 Meredith Lakes\nDuBuqueport, KS 97450', '+8094975256668', 'alexander.ritchie@etu.univ-orleans.fr', '2073 Demetrius Falls Apt. 872\nPort Dedric, VA 39585-5354'),
(4375599, 63, 'Scot', 'Littel', '1976-01-08', '881 Marguerite Shore\nNew Teaganside, NC 93534-2306', '+6245508704867', 'scot.littel@etu.univ-orleans.fr', '330 Huel Knolls\nLynchberg, MD 27583'),
(4375745, 129, 'Gregory', 'Dach', '2011-06-17', '7255 Kayleigh Fall\nPort Lydia, CA 06551-6907', '+4554340950075', 'gregory.dach@etu.univ-orleans.fr', '64713 Nikita Isle\nPort Leann, VT 32329-6344'),
(4376499, 877, 'Otto', 'Cummerata', '1986-02-10', '5003 Kerluke Causeway Suite 819\nJabarimouth, UT 65728-2572', '+4550578930378', 'otto.cummerata@etu.univ-orleans.fr', '7999 Mitchell Falls Suite 809\nWilhelminestad, UT 55523'),
(4381057, 959, 'Piper', 'Volkman', '1983-05-23', '98111 Kreiger Knolls Apt. 213\nNew Damien, WV 89406-6447', '+1658161863867', 'piper.volkman@etu.univ-orleans.fr', '17291 Avis Courts Suite 479\nNorth Lois, LA 24654-3903'),
(4439767, 345, 'Orin', 'Botsford', '2006-05-20', '66036 Swift Mill\nPriceport, NE 81755', '+1918981060907', 'orin.botsford@etu.univ-orleans.fr', '7809 Kemmer Pike\nLawrenceland, AZ 58886-9529'),
(4446346, 694, 'Fausto', 'Turner', '1984-02-11', '89436 Rozella Park Apt. 876\nWeissnatmouth, MN 75769', '+2478331370762', 'fausto.turner@etu.univ-orleans.fr', '93348 Santos Station\nBalistreritown, FL 77589'),
(4453011, 555, 'Margret', 'Flatley', '1990-04-14', '2173 Dicki Trafficway Suite 625\nBoscostad, OH 80277-4119', '+4617002003265', 'margret.flatley@etu.univ-orleans.fr', '4082 Abernathy Lakes Suite 393\nKalebview, VA 06933'),
(4455554, 124, 'Sebastian', 'Bartoletti', '1995-11-13', '672 Charles Pike\nOrieton, MI 00190-7190', '+1756328841098', 'sebastian.bartoletti@etu.univ-orleans.fr', '61864 Boyle Plains Apt. 030\nCareytown, HI 15520'),
(4466721, 934, 'Maryam', 'Klein', '2005-07-25', '558 Auer Turnpike Apt. 993\nPort Manuel, AK 02489-0191', '+3480242159822', 'maryam.klein@etu.univ-orleans.fr', '917 Will Villages Apt. 303\nKrisshire, MA 35937-4533'),
(4506371, 408, 'Mckayla', 'Lubowitz', '1989-08-05', '3401 Pearl Key Apt. 146\nSouth Danyka, FL 20074', '+3945071325674', 'mckayla.lubowitz@etu.univ-orleans.fr', '58884 Zemlak Springs Apt. 526\nWest May, NV 82491'),
(4568532, 901, 'Jude', 'Mueller', '1970-10-11', '945 Bergnaum Land Apt. 759\nWest Daphneyport, NE 66295', '+6709157426037', 'jude.mueller@etu.univ-orleans.fr', '169 Runte Forest Apt. 255\nEwaldside, NH 00770'),
(4569453, 392, 'Justina', 'Feeney', '1978-08-05', '186 Dach Glens\nNorth Cale, MO 69145-2983', '+5658591493878', 'justina.feeney@etu.univ-orleans.fr', '10294 Kayleigh Crescent\nConsidinemouth, MI 65258'),
(4595725, 551, 'Adelle', 'Borer', '1989-04-26', '2420 Franecki Prairie\nEvelineside, IN 53065-3172', '+7223580915534', 'adelle.borer@etu.univ-orleans.fr', '21335 Gusikowski Avenue\nWest Chesleyside, NC 64744'),
(4596202, 300, 'Rylan', 'Schumm', '1971-11-09', '75899 Addie Plaza Suite 640\nNew Carolynshire, VA 15220-5885', '+3388447244172', 'rylan.schumm@etu.univ-orleans.fr', '35615 Danyka Meadow Suite 616\nLake Monserrate, AK 95462'),
(4596283, 408, 'Beatrice', 'Schuster', '2015-07-31', '699 Rosanna Shoal\nNew Braden, CA 77893', '+5432640823437', 'beatrice.schuster@etu.univ-orleans.fr', '42350 Shyanne Orchard\nNew Maggiefort, WY 96526'),
(4618325, 239, 'Tyson', 'Stamm', '1997-11-18', '38743 Tremblay Views\nLake Eusebio, OH 86402-0544', '+2818212574490', 'tyson.stamm@etu.univ-orleans.fr', '2870 Gutkowski Mews\nPacochafurt, MA 18404-2632'),
(4619571, 766, 'Bud', 'Trantow', '1975-12-23', '13717 Dach Green\nPort Magdalen, ND 15471-1069', '+8590107337264', 'bud.trantow@etu.univ-orleans.fr', '3457 Sigrid Run\nBauchtown, NC 57069'),
(4620592, 694, 'Marcellus', 'Stanton', '1984-05-12', '9671 Spinka View\nKeshaunport, DE 39854', '+9279753481989', 'marcellus.stanton@etu.univ-orleans.fr', '53434 Filomena Knolls\nLeuschkechester, MA 38986'),
(4632049, 731, 'Thurman', 'Herzog', '2017-01-30', '25293 Elisabeth Isle Suite 723\nSmithmouth, DC 64622-7041', '+8378727043091', 'thurman.herzog@etu.univ-orleans.fr', '33050 Christ Curve Suite 299\nLorifurt, NY 82774-8899'),
(4633973, 694, 'Octavia', 'Bashirian', '2009-10-22', '768 Ruecker Wells\nNew Jonastown, ND 95976', '+5130633363382', 'octavia.bashirian@etu.univ-orleans.fr', '4003 Cronin Ford Apt. 667\nEthashire, NC 81433'),
(4649098, 244, 'Rodrigo', 'Heathcote', '1985-09-22', '71941 Laurel Walk\nLaviniaberg, OK 70062-3745', '+1686177281096', 'rodrigo.heathcote@etu.univ-orleans.fr', '595 Vella Brook\nEsthertown, KS 82587'),
(4654233, 565, 'Jackie', 'Cronin', '2009-04-04', '422 Carter Creek Apt. 402\nLake Clintport, PA 66422', '+3328317052859', 'jackie.cronin@etu.univ-orleans.fr', '8996 McClure Squares Suite 068\nWest Nettie, VA 33710'),
(4663671, 152, 'Emiliano', 'Hodkiewicz', '2001-03-21', '2678 VonRueden Square\nWest Veronicaview, NY 12903', '+1986380889741', 'emiliano.hodkiewicz@etu.univ-orleans.fr', '624 Carroll Gateway Suite 905\nMarianberg, AK 14396-5990'),
(4702796, 124, 'Gisselle', 'Beahan', '2009-04-02', '9689 Aiden Expressway Apt. 375\nDibbertfurt, LA 25134-4715', '+9397597756194', 'gisselle.beahan@etu.univ-orleans.fr', '10810 Jessyca Tunnel Suite 489\nMooreview, AR 73067'),
(4704155, 249, 'Mikel', 'McCullough', '1972-01-09', '2410 Eleonore Spurs Suite 577\nRennerbury, NE 94825-2621', '+8959980945756', 'mikel.mccullough@etu.univ-orleans.fr', '70562 Tremblay Inlet Suite 390\nLake Sydnie, MN 94011'),
(4714385, 619, 'Marjolaine', 'Dickinson', '2015-11-25', '16017 Deanna Station Apt. 584\nLake Devantemouth, WV 93742', '+1191496783647', 'marjolaine.dickinson@etu.univ-orleans.fr', '332 Ella Plains\nGabrielleburgh, AK 64094-1303'),
(4717829, 555, 'Raleigh', 'Schumm', '1997-05-18', '3096 Frami Green Apt. 351\nEast Lynn, SC 99694-8632', '+9830788859988', 'raleigh.schumm@etu.univ-orleans.fr', '92701 Stehr Junctions\nBreitenbergmouth, KY 68265-3232'),
(4718828, 690, 'General', 'Marks', '1971-08-06', '30033 Saul Viaduct Apt. 606\nClinttown, OK 46232', '+1472528901997', 'general.marks@etu.univ-orleans.fr', '66312 Langosh Fall\nOdieville, IL 56176-7263'),
(4720821, 472, 'Ludie', 'Cole', '1988-12-09', '49303 Braden Ford\nCortezburgh, WA 54811', '+8347276390607', 'ludie.cole@etu.univ-orleans.fr', '2258 Ozella Rue\nBuckridgeburgh, WV 53023-4945'),
(4788977, 778, 'Clyde', 'Keeling', '1994-02-07', '5622 Daphnee Glen\nLake Pansy, DE 04320', '+7067306442338', 'clyde.keeling@etu.univ-orleans.fr', '6424 Hills Isle Apt. 520\nPort Lucioborough, MS 48000-6821'),
(4790053, 547, 'Creola', 'Boehm', '1987-06-27', '5014 Klein Lake\nPhyllisborough, ME 78135', '+7827438774633', 'creola.boehm@etu.univ-orleans.fr', '219 Mara Mews Suite 698\nHeidistad, MI 67433-9094'),
(4790084, 668, 'Casimir', 'Lesch', '2013-06-30', '765 Greg Knoll Apt. 919\nLake Alek, TX 40044', '+8160903479477', 'casimir.lesch@etu.univ-orleans.fr', '91030 Stanton Mountains Suite 995\nPort Darienmouth, WY 41678-5980'),
(4841416, 124, 'Gust', 'Farrell', '1978-11-06', '34830 Evalyn Extensions\nGerlachborough, NJ 41195', '+6680876419328', 'gust.farrell@etu.univ-orleans.fr', '912 Federico Roads Suite 453\nNew Elza, MO 07713'),
(4874078, 631, 'Skylar', 'Nienow', '1998-07-06', '173 Lenora Mountain\nDenatown, CT 66919', '+8662215280907', 'skylar.nienow@etu.univ-orleans.fr', '715 Lilly Brook\nWest Hazle, KS 77478'),
(4877492, 187, 'Charley', 'Sipes', '2009-01-06', '53804 Harber Park Suite 396\nNew Earnestmouth, OH 10602-2466', '+4469164228345', 'charley.sipes@etu.univ-orleans.fr', '40585 Cornell Rapid\nQuigleyshire, KY 75009-7797'),
(4888128, 840, 'Lemuel', 'Windler', '2002-09-28', '54622 McDermott Fort\nNorth Greenburgh, IL 73442', '+3324782733042', 'lemuel.windler@etu.univ-orleans.fr', '203 Kautzer Rest\nLake Era, UT 43557-3617'),
(4918588, 392, 'Josefa', 'Brekke', '2011-09-27', '435 Elsa Courts Apt. 502\nNorth Mariostad, MT 09343', '+5731692260316', 'josefa.brekke@etu.univ-orleans.fr', '173 Fisher Shores Suite 518\nLeilaborough, IN 78636-5273'),
(4950833, 335, 'Margaret', 'Weimann', '2002-10-15', '8413 Jamal Springs Suite 778\nHaleymouth, AK 45265-7943', '+7519605285486', 'margaret.weimann@etu.univ-orleans.fr', '17724 Schuster Crescent Apt. 169\nEdmundberg, OR 87027'),
(4955580, 862, 'Gina', 'Beer', '1979-05-26', '621 Sallie Branch Suite 519\nNew Tess, AR 62802-3849', '+8585583559702', 'gina.beer@etu.univ-orleans.fr', '6413 Melvin River\nSouth Cheyenneview, IA 22820-6754'),
(4963665, 925, 'Betsy', 'Jenkins', '1979-10-31', '92435 Zieme Shoal Apt. 119\nNew Lowell, MN 04866', '+1471275020721', 'betsy.jenkins@etu.univ-orleans.fr', '783 Ankunding Estate\nNew Llewellynville, CA 68291'),
(4980472, 543, 'Marion', 'Kohler', '1986-08-25', '49397 Jules Views\nPort Seth, NC 70850', '+4005586196578', 'marion.kohler@etu.univ-orleans.fr', '31656 Hackett Mountains Apt. 520\nEast Matilde, ID 84968'),
(4985701, 707, 'Freeda', 'Heaney', '2012-07-16', '31561 Harvey Point\nLake Justenfort, WI 83923-9687', '+6408644287154', 'freeda.heaney@etu.univ-orleans.fr', '8547 Considine Ranch\nCliftonland, OR 49266-3227'),
(5011805, 960, 'Enrique', 'Koepp', '2015-07-03', '142 Alejandrin Radial\nWest Joseph, ND 83805', '+5258024950338', 'enrique.koepp@etu.univ-orleans.fr', '3026 Mario Street\nNorth Gabriellaton, MN 95391-1106'),
(5017608, 436, 'Hester', 'Herzog', '2012-03-26', '640 Marcella Underpass Apt. 815\nGracehaven, KY 04083', '+5800310148201', 'hester.herzog@etu.univ-orleans.fr', '9031 Manley Ridge\nEast Nikita, RI 89473'),
(5054215, 975, 'Forest', 'Osinski', '2008-02-13', '7684 Lessie Expressway\nLonnieview, WV 64875-5771', '+1202927352385', 'forest.osinski@etu.univ-orleans.fr', '205 Keebler Port Apt. 717\nHermannville, ME 78285-2244'),
(5055967, 408, 'Green', 'Fadel', '1991-08-29', '3329 Jazlyn Route Apt. 193\nNew Adanhaven, MN 47019-5483', '+6833839895229', 'green.fadel@etu.univ-orleans.fr', '4316 Heber Point Suite 655\nHermistonside, MA 54685'),
(5056939, 451, 'Shyann', 'Casper', '1983-01-16', '97127 Corine Locks\nLouieport, DE 03638-3030', '+2268743180179', 'shyann.casper@etu.univ-orleans.fr', '6182 Vincent Bridge Apt. 324\nGaylordfurt, TX 08076-0762'),
(5065706, 38, 'Lucienne', 'Ritchie', '1980-08-31', '39271 Eden Way Apt. 034\nClotildeshire, MI 99453', '+1013307844307', 'lucienne.ritchie@etu.univ-orleans.fr', '161 Marcelo Crescent\nIciefort, GA 84242-5936'),
(5071098, 335, 'Rogers', 'Donnelly', '2014-04-01', '5340 Bosco Summit Suite 396\nEast Kirabury, MT 73612', '+4360227369538', 'rogers.donnelly@etu.univ-orleans.fr', '5839 Veum Terrace Suite 293\nOllieview, VA 68690'),
(5082258, 907, 'Electa', 'Jacobson', '1996-01-28', '775 Sanford Parkways\nNew Gladyceburgh, VA 02967', '+2510709996723', 'electa.jacobson@etu.univ-orleans.fr', '78367 Nasir Plains Suite 152\nEast Thomas, MN 48094-8766'),
(5126223, 617, 'Evelyn', 'Swaniawski', '2018-05-20', '1181 Aaron Village Suite 761\nDarianberg, MT 31901-3545', '+8022074287989', 'evelyn.swaniawski@etu.univ-orleans.fr', '64432 Ledner Rest Suite 424\nRauview, IN 83095'),
(5129122, 960, 'Hillard', 'Murray', '1996-06-15', '18224 Marjolaine Highway\nEast Cathy, WY 62613-3427', '+7291616774679', 'hillard.murray@etu.univ-orleans.fr', '18716 Suzanne Light\nHarveychester, ID 36793'),
(5166655, 686, 'Emerson', 'Howell', '1991-01-21', '7441 Mertz Forges Suite 745\nSydniefurt, IA 29016-1697', '+8642842407048', 'emerson.howell@etu.univ-orleans.fr', '8090 Elva Field\nRhiannamouth, GA 17938'),
(5194388, 364, 'Gust', 'Huels', '2015-03-04', '2079 Terrence Roads Suite 339\nNew Laronstad, OH 50650', '+1336846084354', 'gust.huels@etu.univ-orleans.fr', '9561 Kshlerin Crossing\nNew Dustin, CA 55272'),
(5204159, 901, 'Kaela', 'White', '1996-04-25', '382 Taurean Parkway Apt. 428\nMariannemouth, LA 45541', '+3469171379152', 'kaela.white@etu.univ-orleans.fr', '4666 Herman Oval Suite 791\nNew Declanland, DE 45337-5581'),
(5224801, 840, 'Beau', 'Schmeler', '2018-12-09', '3480 Rahsaan Track Suite 776\nHarristown, MT 83335-5870', '+4714779933252', 'beau.schmeler@etu.univ-orleans.fr', '54451 Bednar Alley Apt. 957\nDominicmouth, NM 56258'),
(5231342, 109, 'Cecelia', 'Schulist', '1995-06-03', '2738 Janessa Corner Apt. 819\nAbbyview, DC 27842', '+7815284976887', 'cecelia.schulist@etu.univ-orleans.fr', '2294 Lilyan Overpass Suite 001\nElodyburgh, IL 78181'),
(5260333, 242, 'Kimberly', 'Reinger', '2017-08-18', '56021 Josiane Valleys\nBergefurt, MD 67514', '+4018607531327', 'kimberly.reinger@etu.univ-orleans.fr', '4624 Bauch Ferry\nHahntown, MT 85961'),
(5262446, 247, 'Giles', 'Conroy', '1995-02-12', '54276 Mann Points Apt. 971\nAlexandermouth, WV 52666', '+3020746436644', 'giles.conroy@etu.univ-orleans.fr', '6263 Zieme Lane\nSouth Shaunberg, GA 24538-1966'),
(5283462, 214, 'Hosea', 'McDermott', '1977-09-23', '5155 Kihn Square Apt. 382\nNew Teresa, KY 25108-1263', '+4274756229619', 'hosea.mcdermott@etu.univ-orleans.fr', '38237 Murray Throughway\nDonnellyfurt, OK 63975-6206'),
(5291345, 125, 'Katelynn', 'Hahn', '2017-11-05', '772 Eileen Viaduct\nJaquelinemouth, SD 46926-2096', '+8599960499084', 'katelynn.hahn@etu.univ-orleans.fr', '78898 Humberto Avenue\nLake Delphine, CO 59069-7203'),
(5307785, 214, 'Devon', 'Berge', '2020-07-30', '126 Duncan Mill Suite 605\nLake Pierre, OR 89258-4493', '+5947700625853', 'devon.berge@etu.univ-orleans.fr', '8754 Beier Mount Apt. 691\nSouth Johannfort, TN 36403-6141'),
(5319939, 207, 'Claudie', 'Hauck', '2010-03-11', '5059 Zboncak Mountains\nPort Faustinoshire, AK 50830', '+4299408419219', 'claudie.hauck@etu.univ-orleans.fr', '5770 Abshire Forest Suite 030\nLake Daisha, DC 82437-6286'),
(5326854, 213, 'Dorothea', 'Smith', '1983-09-08', '9809 Russel Spring\nKemmermouth, NJ 27202', '+9112928360309', 'dorothea.smith@etu.univ-orleans.fr', '906 Elwyn Lights\nBruenberg, TN 10498-2150'),
(5327986, 708, 'Monte', 'Nitzsche', '2016-10-14', '590 Kenny Prairie Apt. 933\nBahringerberg, ND 37859-3473', '+7338825664861', 'monte.nitzsche@etu.univ-orleans.fr', '47768 Waelchi Locks Suite 686\nWolffborough, SD 03892'),
(5337180, 467, 'Marge', 'Kertzmann', '1971-09-10', '671 Helene Course Apt. 970\nNorth Terrenceburgh, VA 75270', '+8507447805991', 'marge.kertzmann@etu.univ-orleans.fr', '519 Abigale Mission\nPort Kirk, OR 48102-3324'),
(5338037, 91, 'Ezra', 'Krajcik', '2018-08-14', '420 Jeffrey Estate Suite 487\nNew Tamiaton, RI 29746-6909', '+5808767182322', 'ezra.krajcik@etu.univ-orleans.fr', '650 Lorine Fords\nKolbyside, WA 29083'),
(5362278, 528, 'Adella', 'Steuber', '2002-07-03', '517 Wolff Lodge Suite 835\nNorth Seanport, OR 02045', '+6499755810735', 'adella.steuber@etu.univ-orleans.fr', '15536 Vicenta Groves Suite 860\nNew Carmelland, SD 46492'),
(5363497, 675, 'Novella', 'Paucek', '1970-06-11', '34255 Pagac Pike\nLake Brandt, MT 64831-4181', '+5179355130095', 'novella.paucek@etu.univ-orleans.fr', '64999 Oran Cove Apt. 257\nBlakeside, PA 92480-4840'),
(5374778, 725, 'Penelope', 'Hermiston', '1975-12-20', '783 Talia Parks Suite 112\nWest Ivah, ID 23000', '+3131988325896', 'penelope.hermiston@etu.univ-orleans.fr', '98228 Hildegard Walks\nPort Marjoriebury, ND 02309-1880'),
(5405890, 466, 'Myles', 'Reynolds', '2014-10-02', '19815 Baumbach Common\nHuntermouth, LA 83082', '+7708671771831', 'myles.reynolds@etu.univ-orleans.fr', '9439 Tromp Point\nFriesenville, RI 58275'),
(5423598, 786, 'Gavin', 'Rempel', '1982-06-11', '7834 Elenor Plaza Apt. 842\nEast Roeltown, WA 31139-5942', '+6407401070274', 'gavin.rempel@etu.univ-orleans.fr', '2432 Howell Stravenue\nWest Odieburgh, AK 76712-8521'),
(5438952, 529, 'Dedric', 'Blick', '1978-04-14', '790 Batz Harbors Suite 102\nSouth Braulio, GA 52163', '+1331622899869', 'dedric.blick@etu.univ-orleans.fr', '5918 Lesley Oval Suite 664\nNorth Elouisehaven, VT 49399-8961'),
(5488025, 314, 'Annabell', 'Zemlak', '2004-06-11', '87536 Floy Ridges Apt. 498\nLake Isobel, WI 80829-6272', '+5147457779017', 'annabell.zemlak@etu.univ-orleans.fr', '883 Noah Springs\nWest Aureliabury, AK 77432-4285'),
(5539164, 528, 'Howard', 'Labadie', '1998-08-07', '490 Dax Turnpike\nEast Laverna, VT 57807', '+1648848526953', 'howard.labadie@etu.univ-orleans.fr', '45735 Celine Hills Suite 077\nBrycenmouth, VT 73877'),
(5578611, 63, 'Sasha', 'Littel', '2013-06-07', '4535 Lisette Dale Apt. 535\nSouth Talia, AR 93991', '+8361452249301', 'sasha.littel@etu.univ-orleans.fr', '967 Bergstrom Path\nMadisynmouth, TX 14284'),
(5590837, 867, 'Penelope', 'Jaskolski', '1997-06-23', '901 Bessie Locks Suite 416\nConnview, MO 74114-7940', '+1023973771092', 'penelope.jaskolski@etu.univ-orleans.fr', '45879 Zboncak Stravenue Apt. 769\nLake Magdalenfort, IN 77958'),
(5591153, 849, 'Norwood', 'Reynolds', '2008-11-04', '12583 Jazmin Mountains Apt. 472\nEichmannbury, LA 85496', '+9478426178652', 'norwood.reynolds@etu.univ-orleans.fr', '786 Missouri Squares\nSouth Kellenmouth, AZ 81060'),
(5598134, 102, 'Raphaelle', 'Hermiston', '2019-01-30', '5006 Champlin Inlet Apt. 810\nNorth Dorothea, MN 23001', '+6142904336192', 'raphaelle.hermiston@etu.univ-orleans.fr', '437 Heidi Drive\nRusselmouth, VA 41317'),
(5618467, 345, 'Nia', 'Turner', '1981-09-22', '51351 Franz Plain\nSchuppeside, VA 32380', '+3483957731521', 'nia.turner@etu.univ-orleans.fr', '62319 Lexus Manor\nKaylahfort, IA 55499'),
(5647647, 996, 'Jammie', 'Herzog', '1997-01-27', '870 Barton Ridge Suite 092\nEast Kameron, NH 70669-1624', '+5268870395534', 'jammie.herzog@etu.univ-orleans.fr', '47580 Rempel Manors Suite 309\nWest Marastad, MT 86788'),
(5648339, 686, 'Antonio', 'Heller', '2018-01-03', '9106 Huel Dam\nCroninborough, CA 98467-0125', '+1169552668194', 'antonio.heller@etu.univ-orleans.fr', '394 Lori Ridges Apt. 873\nLake Xanderside, OR 00580'),
(5657262, 89, 'Modesta', 'Gibson', '1986-07-19', '123 Kihn Gateway\nRolfsonville, IN 07563-9197', '+4753784033647', 'modesta.gibson@etu.univ-orleans.fr', '74460 Johann Isle\nFosterfurt, MO 57291'),
(5675385, 214, 'Aletha', 'Beier', '1987-04-16', '5488 Damien Parkway Apt. 810\nMacibury, IN 66020-7168', '+9887472353938', 'aletha.beier@etu.univ-orleans.fr', '6676 Adrienne Hill Apt. 651\nRohanmouth, TN 71552'),
(5677726, 467, 'Billie', 'Moore', '1971-11-05', '5776 Itzel Street Apt. 982\nDarrylchester, DE 36554', '+3265468148528', 'billie.moore@etu.univ-orleans.fr', '83777 Gorczany Isle Suite 040\nHarveytown, TN 65837'),
(5687143, 408, 'Jean', 'Carroll', '2004-06-26', '383 Klocko Camp Apt. 638\nHopemouth, MN 78756', '+4561287411856', 'jean.carroll@etu.univ-orleans.fr', '9785 Helene Forest\nJerdeborough, WI 56742-8873'),
(5730129, 187, 'Sheridan', 'Koss', '2015-01-15', '34188 Trantow Neck\nWest Electa, CO 14138-7705', '+5064266937368', 'sheridan.koss@etu.univ-orleans.fr', '9849 Valerie Stream Suite 389\nEast Joanieburgh, WA 25045'),
(5748810, 860, 'Rowland', 'Kiehn', '2014-03-22', '34741 Rae Divide\nNew Rosamond, OH 27981', '+4293747804060', 'rowland.kiehn@etu.univ-orleans.fr', '5453 Gulgowski Circles\nEmmerichview, MN 76566'),
(5788615, 694, 'Daryl', 'Tillman', '1999-04-02', '7443 Hammes Radial\nLake Karina, CA 30426-5958', '+1197750117467', 'daryl.tillman@etu.univ-orleans.fr', '1310 Orland Rapids Apt. 045\nKochberg, MO 84061-8510'),
(5790166, 242, 'German', 'Ratke', '2016-08-19', '7926 Gislason Harbors Apt. 192\nStrackeshire, FL 65616', '+5612514459871', 'german.ratke@etu.univ-orleans.fr', '7468 Hodkiewicz Mount\nNorth Russel, OR 02993'),
(5793325, 756, 'Joanne', 'Bernier', '1991-09-26', '8666 Pouros Fords\nEstelleland, HI 64251', '+4810832386200', 'joanne.bernier@etu.univ-orleans.fr', '7926 Conner Crescent Suite 041\nEast Antonetta, CT 76575-1878'),
(5808343, 840, 'Estell', 'Crist', '1999-05-13', '8365 Rolfson Cape\nHomenickhaven, MD 87793-8919', '+3674633439483', 'estell.crist@etu.univ-orleans.fr', '3250 Heathcote Bypass\nWest Efrenmouth, NV 76693'),
(5810538, 779, 'Maegan', 'Strosin', '1987-09-02', '700 Buck Brooks Suite 182\nRethaburgh, OR 05060-1772', '+9354545347970', 'maegan.strosin@etu.univ-orleans.fr', '1090 Matilde Lock Suite 423\nSchowalterstad, MS 77907'),
(5860629, 901, 'Alejandrin', 'Hane', '2012-01-11', '606 Delbert Ridge\nMertztown, GA 33321-9842', '+5189116066780', 'alejandrin.hane@etu.univ-orleans.fr', '5244 Monahan Tunnel Apt. 001\nNorth Lon, OR 14789-0735'),
(5942095, 860, 'Lilla', 'Hettinger', '1976-12-30', '62241 Hodkiewicz Hills\nEast Amparo, IN 63502-8871', '+7849471291706', 'lilla.hettinger@etu.univ-orleans.fr', '96411 Connelly Forges Apt. 300\nTremblayfort, FL 88257'),
(5992534, 239, 'Domenic', 'Torp', '1979-11-23', '14952 Mary Extensions\nSauerside, CA 29995-1924', '+2258935706025', 'domenic.torp@etu.univ-orleans.fr', '729 Quigley Haven\nLake Margaretta, WA 06372'),
(6004153, 922, 'Retha', 'Olson', '2007-03-01', '4336 Welch Shoal\nNorth Alfredoside, CT 54676', '+3747808348612', 'retha.olson@etu.univ-orleans.fr', '33856 Eliza Prairie Suite 349\nAdelleborough, OR 23155-1268'),
(6006082, 337, 'Judah', 'Rippin', '1973-03-18', '81069 Kerluke Green\nNew Archibald, AZ 17270-6544', '+1180777685559', 'judah.rippin@etu.univ-orleans.fr', '2410 Shirley Light Suite 064\nEast Derek, IL 68839-9912'),
(6029228, 337, 'Shanna', 'Volkman', '1995-07-24', '9224 Jarod Stream\nArmandoside, AR 27850-6856', '+8874706985691', 'shanna.volkman@etu.univ-orleans.fr', '99446 Aufderhar Stravenue\nWest Tremaine, NY 24042-6111'),
(6029371, 323, 'Dangelo', 'Shanahan', '2000-06-28', '603 Ali Street\nFrederickchester, MS 41524-2388', '+1578783524547', 'dangelo.shanahan@etu.univ-orleans.fr', '781 Gerardo Unions\nEast Deanna, MO 31720'),
(6033657, 732, 'Monserrat', 'Harber', '2019-08-20', '926 Hammes Divide Suite 514\nLuettgenstad, MO 93664-4542', '+5460933277551', 'monserrat.harber@etu.univ-orleans.fr', '217 Beahan Causeway Apt. 071\nTyrelview, WY 88580'),
(6059042, 964, 'Imani', 'Steuber', '2015-02-28', '8734 Osinski Ranch\nWest Anselmouth, ME 40309-0104', '+7907024799077', 'imani.steuber@etu.univ-orleans.fr', '36788 Rylee Fort Apt. 446\nSouth Odie, SD 51335-3281'),
(6074654, 551, 'Philip', 'Heller', '2003-10-27', '501 Krajcik Forge Suite 083\nLindaview, AZ 29728-2647', '+6499898988651', 'philip.heller@etu.univ-orleans.fr', '8298 Mayer Crest\nLindseychester, WI 30122-9690'),
(6074976, 319, 'Lenora', 'Hammes', '2000-10-12', '3486 Spinka Plaza\nNew Dax, MD 98482-2862', '+6271758330858', 'lenora.hammes@etu.univ-orleans.fr', '150 Mitchel Unions\nWest Alford, SC 27347'),
(6098422, 778, 'Coy', 'Gorczany', '1983-11-30', '6149 Pfannerstill Burg Suite 211\nNorth Myriam, TN 31313', '+5319186052249', 'coy.gorczany@etu.univ-orleans.fr', '300 Keebler Fall Apt. 964\nEast Pablomouth, OK 63589-8050'),
(6098622, 380, 'Stanley', 'Johns', '2000-01-26', '449 Reta Greens Apt. 705\nSouth Brennon, NE 10103', '+6657945806933', 'stanley.johns@etu.univ-orleans.fr', '2097 Walsh Mount Apt. 976\nCaspermouth, AL 84988-8560'),
(6104687, 585, 'Amanda', 'Bailey', '2019-09-08', '5881 Mona Drive\nKrajcikland, SC 11270-3985', '+4989010344381', 'amanda.bailey@etu.univ-orleans.fr', '471 Dietrich Rapids Suite 313\nGeraldineton, WV 59978'),
(6113764, 585, 'Jannie', 'Dooley', '2002-10-12', '72022 Peter Viaduct\nWest Amir, NM 16943-9693', '+1479017526323', 'jannie.dooley@etu.univ-orleans.fr', '343 Wisozk Junction\nKeyshawnview, LA 61937-0775'),
(6114618, 182, 'Tony', 'Feeney', '1982-10-20', '7152 Emmett View\nNorth Erna, SC 38732-9326', '+8726991934824', 'tony.feeney@etu.univ-orleans.fr', '382 Ward Coves Suite 882\nPort Mollieshire, FL 20570-4585'),
(6117742, 91, 'Trycia', 'Denesik', '2000-03-10', '6360 Jovany Wall Apt. 761\nBashiriantown, SD 01462', '+2221402900548', 'trycia.denesik@etu.univ-orleans.fr', '4349 Macejkovic Squares\nNorth Percivalhaven, NE 54447-7058'),
(6131671, 948, 'Izaiah', 'DuBuque', '2005-04-10', '47140 Douglas Cliffs\nPort Natasha, OK 99710', '+7311855472400', 'izaiah.dubuque@etu.univ-orleans.fr', '6588 Paucek Route Suite 317\nSchroedermouth, OR 78293'),
(6131799, 323, 'Ivah', 'Moen', '2020-05-28', '26840 Jaskolski Fields Apt. 953\nTillmanland, ND 43799-7282', '+7921977099012', 'ivah.moen@etu.univ-orleans.fr', '12787 Brown Harbors\nPort Tara, NY 32112-5729'),
(6140195, 708, 'Betsy', 'Hettinger', '2001-03-23', '34802 Hailey Springs\nMarianofurt, SD 95109', '+4552983298876', 'betsy.hettinger@etu.univ-orleans.fr', '8781 Abernathy Meadow Apt. 207\nAbeside, AL 98800-7673'),
(6153207, 166, 'Alysha', 'Heathcote', '2014-07-04', '15448 Maximo Ville\nEast Jaylan, LA 78310-6950', '+4741384569262', 'alysha.heathcote@etu.univ-orleans.fr', '245 Altenwerth Way Apt. 009\nPaulaburgh, KY 40661'),
(6184853, 701, 'Deontae', 'Reichel', '1971-04-21', '5284 Wunsch Lane\nHarberborough, WV 34772', '+1999663848949', 'deontae.reichel@etu.univ-orleans.fr', '77443 Brandy Plaza Suite 555\nNorth Samsonshire, DE 20514-4264'),
(6186826, 714, 'Berta', 'Wuckert', '1970-01-31', '13521 Litzy Plaza Suite 157\nWest Charlenehaven, PA 08312-6783', '+9720320332336', 'berta.wuckert@etu.univ-orleans.fr', '70589 Estel Row\nEast Betsyview, MS 45457'),
(6244441, 922, 'Sylvan', 'Stokes', '2000-10-30', '507 Wilmer Row\nPort Rodrick, WY 92510', '+1408962335681', 'sylvan.stokes@etu.univ-orleans.fr', '69866 Rosie Vista Suite 516\nGuyside, WI 20397-0975'),
(6272385, 300, 'Erin', 'Swaniawski', '1970-04-28', '151 Pfannerstill Fall\nBoydborough, DE 20796', '+1745117862342', 'erin.swaniawski@etu.univ-orleans.fr', '7567 Ullrich Shore Apt. 095\nPort Ericka, FL 17111-3829'),
(6283463, 472, 'Martina', 'Jacobi', '2018-08-01', '54653 Gabrielle Walks Suite 434\nDiegoburgh, FL 27967', '+2127009134927', 'martina.jacobi@etu.univ-orleans.fr', '8955 Richmond Village Suite 559\nWest Keeganport, SD 59639'),
(6289224, 690, 'Eldred', 'Kulas', '1982-07-27', '2354 Adela Ridge\nBodeton, MO 50774-5760', '+7997998227008', 'eldred.kulas@etu.univ-orleans.fr', '7253 Esmeralda Gardens Suite 011\nHagenesberg, IA 18813-7664'),
(6342654, 821, 'Marge', 'Dicki', '1979-09-17', '51405 Henderson Vista\nLake Ernest, MT 62768', '+4314500700472', 'marge.dicki@etu.univ-orleans.fr', '604 Piper Unions\nPort Vanmouth, MO 39675-2228'),
(6344221, 668, 'Adolphus', 'Green', '2018-10-20', '10931 Aurelie Station Apt. 003\nNorth Briannehaven, LA 08202-7598', '+8087971340845', 'adolphus.green@etu.univ-orleans.fr', '70648 Kiehn Freeway Apt. 497\nHettingerfort, TN 48055-2387'),
(6382684, 511, 'Walter', 'Parker', '1985-08-08', '308 Kiehn Station\nCruickshankside, NC 41180', '+2355330880555', 'walter.parker@etu.univ-orleans.fr', '1120 Mosciski Lodge\nLake Clara, MI 07280-9127'),
(6407518, 844, 'Howard', 'Wyman', '1979-10-16', '10573 Tromp Street\nKozeyburgh, MD 20130', '+4403579726276', 'howard.wyman@etu.univ-orleans.fr', '6496 Kelton Track Apt. 914\nWest Loyce, MS 53904'),
(6442100, 239, 'Phyllis', 'Wisozk', '1981-01-30', '12978 Berge Via Suite 841\nLake Londonberg, FL 19943-1264', '+5009334000181', 'phyllis.wisozk@etu.univ-orleans.fr', '968 Kenton Wells\nNew Izabellafort, MI 73398'),
(6447816, 289, 'Rafael', 'Beatty', '2014-03-25', '5304 Hintz Station\nRutherfordborough, MD 18880', '+2510467464398', 'rafael.beatty@etu.univ-orleans.fr', '4942 Mariam Divide\nEast Frankie, VA 20279-5118'),
(6474075, 82, 'Adela', 'Bashirian', '2000-12-22', '60822 Price Keys Suite 573\nNyahmouth, WY 96110-9485', '+3745300623084', 'adela.bashirian@etu.univ-orleans.fr', '48900 Lind Path Suite 889\nLake Osbaldo, CO 87529-1344'),
(6499262, 708, 'Alvera', 'Grant', '2013-10-30', '48388 Tromp Way\nIlianamouth, KS 31898', '+9367675142322', 'alvera.grant@etu.univ-orleans.fr', '8762 Cleve Dale\nNoahfurt, DE 94981-3471'),
(6501159, 820, 'Deontae', 'McCullough', '2003-01-15', '9869 Schuster Knoll\nKonopelskifurt, CT 11302-6316', '+9769552951704', 'deontae.mccullough@etu.univ-orleans.fr', '66141 Brendon Fords\nSouth Tod, CT 30476-6196'),
(6530636, 786, 'Lamar', 'Franecki', '2017-05-13', '93058 Milton Points\nWest Gabe, DC 76078', '+2807346506850', 'lamar.franecki@etu.univ-orleans.fr', '67136 Clyde Grove\nNorth Rashawn, IL 48117-1991'),
(6566523, 714, 'Ebony', 'Fadel', '2012-10-21', '462 Lina Junctions Suite 959\nBellafurt, TN 49793', '+1826305393615', 'ebony.fadel@etu.univ-orleans.fr', '4642 Ebert Stravenue\nJovanmouth, VA 14973-3601'),
(6627448, 675, 'Danielle', 'Weimann', '1981-01-16', '7411 Javier Brook Suite 224\nAdamton, ID 82612', '+8814965932211', 'danielle.weimann@etu.univ-orleans.fr', '21964 Eloy Ferry Apt. 741\nEast Brionnaton, TN 27131-8649'),
(6637085, 63, 'Giovanny', 'Mraz', '2005-05-22', '34224 Jaida Plains\nFredericshire, WI 83991', '+9618497620553', 'giovanny.mraz@etu.univ-orleans.fr', '5735 Troy Stravenue\nRatkechester, CT 92600-8241'),
(6642719, 266, 'Efrain', 'Hickle', '1999-04-18', '8518 Feeney Forge Suite 564\nLake Gabrielleborough, SD 94004-4337', '+6336117740982', 'efrain.hickle@etu.univ-orleans.fr', '42125 Eulalia Ways\nEast Paigestad, TN 78045'),
(6659389, 54, 'Cordell', 'Koch', '2011-09-27', '81986 Cole Divide Apt. 816\nPort Rupertstad, DE 69244', '+1908397398109', 'cordell.koch@etu.univ-orleans.fr', '5237 Hettinger Overpass Suite 511\nLake Rex, CA 68346-6258'),
(6695469, 358, 'Tad', 'Klein', '2012-11-28', '1348 Genevieve Well Suite 268\nTremblayfort, MO 98044', '+6130353346741', 'tad.klein@etu.univ-orleans.fr', '4726 Elvis Port Apt. 650\nSouth Fredachester, WY 60197'),
(6697776, 266, 'Kasey', 'Kulas', '1982-02-17', '8877 Hermann Isle Suite 723\nSchinnerville, IN 75181-1891', '+1907141764081', 'kasey.kulas@etu.univ-orleans.fr', '2886 Schmidt Union Apt. 070\nPort Friedrich, WY 31584'),
(6698385, 484, 'Elinor', 'Rosenbaum', '2018-07-17', '3022 Keely Divide\nLake Jaquan, NV 83569-1125', '+8554379674404', 'elinor.rosenbaum@etu.univ-orleans.fr', '89933 Kunde Overpass\nWardport, MO 93170-6552'),
(6716517, 323, 'Shanon', 'Balistreri', '1977-09-12', '2381 Melvin Circles Suite 722\nBroderickberg, LA 80255', '+9193846027485', 'shanon.balistreri@etu.univ-orleans.fr', '582 Freddie Orchard\nLake Elisamouth, IN 46333'),
(6740064, 299, 'Keyshawn', 'Wolf', '1981-12-27', '5741 Purdy Crossing\nPort Forrest, MN 18708-2193', '+3697774476640', 'keyshawn.wolf@etu.univ-orleans.fr', '43075 Mollie Knoll\nKuhicshire, MI 47439'),
(6854867, 455, 'Alia', 'Heller', '2005-10-17', '8896 Pat Dale\nWest Mossiestad, MA 26628-4904', '+8543324523976', 'alia.heller@etu.univ-orleans.fr', '331 Paul Dale\nWest Rickiefurt, IA 84909'),
(6873548, 934, 'Clementina', 'Tillman', '1994-12-09', '501 Schoen Hill Suite 923\nEichmannburgh, UT 90853', '+4494698299553', 'clementina.tillman@etu.univ-orleans.fr', '180 Kuvalis Mountain\nTorreyview, NJ 13491'),
(6889729, 421, 'Ashlynn', 'Pacocha', '2016-01-17', '482 Nikolas Neck Apt. 381\nJeramybury, MO 26184', '+6346852163943', 'ashlynn.pacocha@etu.univ-orleans.fr', '3047 Nyasia Lock Apt. 518\nHayeston, SC 42273-9846'),
(6905998, 554, 'Heloise', 'Bernhard', '1987-04-18', '7838 Lubowitz River\nLake Tamiashire, FL 82678', '+6479899650716', 'heloise.bernhard@etu.univ-orleans.fr', '3318 Pink Forks Apt. 624\nSouth Martyville, NM 45653-9643'),
(6919459, 686, 'Lowell', 'Brakus', '1981-01-10', '982 Schinner Flats\nSpencerland, RI 46540', '+6835219943264', 'lowell.brakus@etu.univ-orleans.fr', '970 Luther Crossing Apt. 784\nMuellerburgh, PA 40970-3513'),
(6925289, 707, 'Kira', 'Morar', '2007-02-10', '2069 Darwin Extensions\nClevelandland, WI 36836', '+5884783988989', 'kira.morar@etu.univ-orleans.fr', '395 Parker Points Apt. 910\nPouroschester, CO 46459-9267'),
(6929571, 752, 'Mitchel', 'Gulgowski', '1990-02-19', '73996 Reinger Trace\nHeathcoteshire, LA 30815-5191', '+4779786373852', 'mitchel.gulgowski@etu.univ-orleans.fr', '918 Kunze Island\nMichaelaborough, WI 22236-6678'),
(6949304, 283, 'Gussie', 'Schiller', '1988-06-15', '28547 Kulas Lodge Apt. 700\nHammesside, SC 77486', '+5379053180875', 'gussie.schiller@etu.univ-orleans.fr', '78801 Kenyon Course\nEast Luis, MO 20504'),
(6954514, 129, 'Heber', 'Morissette', '2015-09-23', '43590 Craig Cove Apt. 225\nPort Felipaport, VA 14889', '+5902533969626', 'heber.morissette@etu.univ-orleans.fr', '8713 Conroy Plains\nPagacton, OH 14183-2300'),
(6956935, 529, 'Amari', 'Franecki', '2016-12-08', '885 Rempel Rest Apt. 673\nBrandonport, SD 16675-1469', '+8758629234908', 'amari.franecki@etu.univ-orleans.fr', '7903 Schmidt Groves\nBlickmouth, MI 30784-3187'),
(6964272, 91, 'Mavis', 'Donnelly', '1989-08-09', '1453 Nitzsche Vista\nAmyfort, IL 71540-8292', '+9989493824686', 'mavis.donnelly@etu.univ-orleans.fr', '6965 Delaney Extensions Apt. 625\nLake Alexiefurt, RI 08983-1473'),
(6985724, 484, 'Freddie', 'Stracke', '1999-04-24', '217 Doris Pass\nDestineyside, NM 74663', '+4144332081656', 'freddie.stracke@etu.univ-orleans.fr', '91180 Will Mill Suite 636\nPort Maureen, MT 37728'),
(6986540, 10, 'Elna', 'Schaden', '2000-11-27', '4975 Lind Parkways Apt. 531\nNew Martineview, MI 28870-8988', '+4496064550320', 'elna.schaden@etu.univ-orleans.fr', '861 Daija Canyon Suite 915\nSimonisfurt, MT 06685-0786'),
(7000369, 75, 'Curtis', 'Hand', '1975-03-05', '46837 Rohan Fields\nNew Harveyfurt, NM 13283', '+5472734381860', 'curtis.hand@etu.univ-orleans.fr', '5992 Bennie Loop Apt. 552\nNew Moisesport, ND 48937-1846'),
(7010306, 587, 'Orie', 'Brekke', '1985-08-14', '476 Winnifred Groves Suite 755\nRutherfordton, ND 49428-3148', '+2690533579565', 'orie.brekke@etu.univ-orleans.fr', '8075 Hazle Rue Apt. 662\nNorth Chauncey, NM 82834-0777'),
(7010651, 816, 'Malcolm', 'Schmitt', '1978-07-08', '99885 Lynch Views\nArmstrongshire, AK 43947', '+9913504199437', 'malcolm.schmitt@etu.univ-orleans.fr', '42406 Allan Estates Apt. 243\nHiltonville, MI 88253-9088'),
(7024491, 470, 'Leda', 'Kuvalis', '1971-01-23', '59456 Weissnat Crossroad Suite 228\nJairotown, NV 08392', '+4095181796866', 'leda.kuvalis@etu.univ-orleans.fr', '73705 Odessa Lane Apt. 345\nSouth Roosevelt, HI 49934'),
(7039897, 960, 'Julian', 'Price', '1992-10-14', '622 Kendall Pass Apt. 486\nAmiyaberg, KY 49449-1774', '+1863484253620', 'julian.price@etu.univ-orleans.fr', '7951 Thea Ramp\nEast Esperanzatown, CA 68726-5304'),
(7089897, 193, 'Aimee', 'Jakubowski', '1981-01-11', '215 Connelly Landing Suite 030\nMohrland, OH 50238', '+1587015637372', 'aimee.jakubowski@etu.univ-orleans.fr', '48814 Laverna Branch Apt. 412\nDickensstad, WI 59451'),
(7103746, 16, 'Theodora', 'Daugherty', '2019-11-11', '4892 Amie Cape\nNorth Madisonfort, NY 16763', '+1614172676700', 'theodora.daugherty@etu.univ-orleans.fr', '328 Stamm Crest Apt. 963\nShanonville, GA 72677'),
(7141625, 672, 'Vergie', 'Shields', '2007-10-31', '947 Shanahan Lodge Suite 539\nPort Hertha, MO 14975-2371', '+9637952516398', 'vergie.shields@etu.univ-orleans.fr', '9988 Bertram Mountains\nLake Russ, ID 10955-6758'),
(7146630, 322, 'Tremayne', 'Kuphal', '1994-05-23', '653 Helena Keys\nParisianport, RI 05863-4868', '+4259686151524', 'tremayne.kuphal@etu.univ-orleans.fr', '542 Mueller Route Suite 572\nMaeganton, DE 68391-2687'),
(7180456, 188, 'Roscoe', 'Krajcik', '1988-12-07', '6270 Koch Plaza\nEast Lisette, IN 07053-6321', '+1858068697564', 'roscoe.krajcik@etu.univ-orleans.fr', '35374 Luisa Highway\nElishabury, OK 70547'),
(7193205, 824, 'Kian', 'Bosco', '1978-01-22', '39100 Deonte Throughway\nLake Nashfort, LA 51651', '+3923411590003', 'kian.bosco@etu.univ-orleans.fr', '6598 Peter Island\nBaumbachside, MN 89726-9625'),
(7200496, 824, 'Jazmyne', 'Boehm', '2004-11-14', '2172 Charles Drive\nMakennabury, NM 10429', '+4472352374550', 'jazmyne.boehm@etu.univ-orleans.fr', '253 Schmeler Port Suite 468\nLake Milliehaven, ID 75315-5498'),
(7220181, 560, 'Rosemarie', 'Ziemann', '2020-04-02', '78803 Dominique Meadow Suite 005\nHayesshire, HI 18431-6204', '+4610198805099', 'rosemarie.ziemann@etu.univ-orleans.fr', '671 Giles Manors Apt. 625\nPort Alexis, ME 10985-8271'),
(7240939, 193, 'Jordi', 'Cummings', '1981-03-10', '562 Weber Pines Apt. 969\nEast Vivianne, NJ 29166', '+2706954105491', 'jordi.cummings@etu.univ-orleans.fr', '7648 Caesar Lakes Apt. 500\nWymanview, SD 62203-4216'),
(7272774, 337, 'Gertrude', 'Parker', '1987-11-16', '9011 Hagenes Street\nLake Carliemouth, VA 55377', '+4994270228017', 'gertrude.parker@etu.univ-orleans.fr', '998 Lonzo Canyon Suite 076\nNorth Demetrischester, MT 70703-9010'),
(7279953, 720, 'Luigi', 'Will', '1986-07-09', '88679 Elinore Manors\nNorth Kamronhaven, KY 67189-8295', '+4501521108326', 'luigi.will@etu.univ-orleans.fr', '9506 Zelma Gardens\nMeaghanchester, SC 09528-1235'),
(7314512, 16, 'Dameon', 'Kuhic', '1984-01-06', '25005 Scottie Junctions\nHaleyland, TX 19539', '+2066428310286', 'dameon.kuhic@etu.univ-orleans.fr', '48765 Evert Prairie Apt. 243\nCrookstown, AL 65925'),
(7338411, 89, 'Morris', 'Hegmann', '1978-01-27', '646 Guadalupe Ports\nEast Scotty, IL 03107', '+2076511307733', 'morris.hegmann@etu.univ-orleans.fr', '608 Rowland Trafficway\nAnnamaeborough, AZ 49281-0526'),
(7340421, 529, 'Diego', 'DuBuque', '2008-08-20', '28024 Art Parkway Suite 455\nEast Miltonshire, SD 20460-1200', '+5011623950321', 'diego.dubuque@etu.univ-orleans.fr', '9861 Max Locks\nAlexzanderberg, MD 99624'),
(7374212, 543, 'Augustine', 'Sawayn', '1992-08-18', '4468 Janice Neck Apt. 170\nSouth Billie, MA 09778', '+4385835519856', 'augustine.sawayn@etu.univ-orleans.fr', '67714 Schumm Underpass\nRusselmouth, NY 10449'),
(7375151, 325, 'Robyn', 'Trantow', '2014-08-29', '72920 Adrien Island Apt. 953\nSouth Tiaraport, DE 34122', '+1406350653948', 'robyn.trantow@etu.univ-orleans.fr', '6644 Sandrine Vista Apt. 846\nSouth Jayda, NY 02178'),
(7379054, 551, 'Caleb', 'Maggio', '2004-11-11', '31115 Roy Drive\nNorth Cecile, CA 87179', '+2589473076198', 'caleb.maggio@etu.univ-orleans.fr', '70620 Dominique Fork\nKirlinchester, NY 85301'),
(7384321, 555, 'Breanna', 'Prohaska', '2004-02-08', '5716 Osinski Wall Suite 971\nMantehaven, AL 12479-9265', '+6267745597716', 'breanna.prohaska@etu.univ-orleans.fr', '2586 Felipe Route\nAlainaland, NM 31202'),
(7414737, 328, 'Conner', 'Turcotte', '2012-01-21', '9822 Eusebio Burgs Suite 279\nSouth Danialside, MO 15048-4287', '+6292340243428', 'conner.turcotte@etu.univ-orleans.fr', '1576 Schroeder Mews\nLake Tierra, LA 15544-9808'),
(7416285, 327, 'Halle', 'Schamberger', '2018-06-06', '4905 Prohaska Meadows Suite 091\nWest Kieran, VT 49102-7844', '+3887217346573', 'halle.schamberger@etu.univ-orleans.fr', '862 Larkin Avenue\nKiramouth, ND 48180'),
(7417608, 813, 'Amara', 'Okuneva', '2013-04-12', '439 Lorena Ridges\nOlsonborough, NV 18846-9487', '+4868233656519', 'amara.okuneva@etu.univ-orleans.fr', '73112 Emilia Corner Suite 308\nHansenport, ME 57563-6487'),
(7435658, 964, 'Zelma', 'Friesen', '1997-01-28', '539 Delta Expressway Apt. 357\nEast Modesto, OR 21088', '+8198790845800', 'zelma.friesen@etu.univ-orleans.fr', '3713 Pfannerstill Roads Apt. 784\nSouth Deangelochester, DE 84755-4117'),
(7500467, 172, 'Mac', 'Kilback', '1993-06-10', '2388 Schroeder Prairie\nPort Erwin, KS 84514', '+4631532201389', 'mac.kilback@etu.univ-orleans.fr', '67463 Mitchell Forks\nStoltenbergmouth, MN 03319-5339'),
(7515441, 964, 'Theo', 'Tromp', '1974-08-30', '793 Frami Squares Apt. 956\nPort Rowlandborough, CT 11187', '+2357321119306', 'theo.tromp@etu.univ-orleans.fr', '5201 Jakubowski Park Suite 400\nAlvaview, CA 18779'),
(7520007, 242, 'Myah', 'Lindgren', '2000-09-04', '236 Janiya Spurs Apt. 420\nDachhaven, ME 83580-4955', '+4642207742937', 'myah.lindgren@etu.univ-orleans.fr', '7329 Kling Drives Apt. 493\nDickenschester, NH 29890-7990'),
(7521872, 355, 'Golda', 'Fahey', '1992-03-16', '101 Pouros Manors\nPort Ebonybury, ME 19611-2053', '+4652640827603', 'golda.fahey@etu.univ-orleans.fr', '7446 Lucinda Shores\nMikaylaborough, DC 28543'),
(7529990, 554, 'Breanna', 'Carroll', '1970-12-19', '89499 Rod Plaza Apt. 256\nNorth Reggie, NV 01110', '+9443701462660', 'breanna.carroll@etu.univ-orleans.fr', '7586 Hudson Pines Apt. 541\nAricmouth, MS 17464-8769'),
(7531771, 160, 'Colby', 'Cummerata', '1975-04-21', '7729 Senger Expressway\nDietrichborough, MD 35494', '+6661762740886', 'colby.cummerata@etu.univ-orleans.fr', '1225 Kohler Summit\nNorth Kirk, SD 47271-1978'),
(7538175, 786, 'Luna', 'Purdy', '2008-12-14', '82489 Bartell Springs\nNew Gilda, DE 54521-7442', '+8256280617383', 'luna.purdy@etu.univ-orleans.fr', '81432 Anabel Mountain\nNew Reaganshire, IL 51073'),
(7549092, 63, 'Newton', 'Hintz', '2011-05-13', '66776 Jammie Centers Apt. 061\nOdabury, IN 58130-2135', '+6157285657719', 'newton.hintz@etu.univ-orleans.fr', '52325 Anahi Station\nRippinmouth, AK 10712-6378'),
(7606810, 948, 'Keshaun', 'Schoen', '2019-10-08', '9279 Brown Drives Suite 328\nKihnchester, AR 44441-1128', '+8624089317788', 'keshaun.schoen@etu.univ-orleans.fr', '8515 Fiona Ways\nNew Rhiannaborough, UT 22043-7575'),
(7631571, 543, 'Kurt', 'Bosco', '1973-01-29', '72913 Cummerata Village Suite 418\nEast Armani, IN 70806-8694', '+7884868625840', 'kurt.bosco@etu.univ-orleans.fr', '988 Mikayla Tunnel\nOlafstad, VA 70561-0644'),
(7645479, 160, 'Lisandro', 'Koelpin', '1972-11-19', '10672 Walter Summit\nSouth Christaborough, SD 09159-4980', '+2689089801054', 'lisandro.koelpin@etu.univ-orleans.fr', '77767 Candida Shores\nSouth Ella, NH 88581-8428'),
(7651868, 91, 'Efrain', 'Daniel', '2016-04-25', '552 Bianka Land\nNorth Ryley, SD 13961', '+8314663600635', 'efrain.daniel@etu.univ-orleans.fr', '7434 Ismael Brook Apt. 335\nLake Nash, OH 03045'),
(7684828, 89, 'Doyle', 'Considine', '1986-10-06', '225 Dimitri Grove\nNorth Theresaland, WA 76200-4716', '+6949168062218', 'doyle.considine@etu.univ-orleans.fr', '4578 Amos Mountains Suite 534\nBeverlyton, WY 77741'),
(7698849, 867, 'Walter', 'Daniel', '1991-03-05', '51571 Cole Cliff\nSouth Constanceville, WV 79038-4851', '+1413424580776', 'walter.daniel@etu.univ-orleans.fr', '3799 Casper Villages\nSouth Triston, HI 54645'),
(7710431, 986, 'Abe', 'Stehr', '1989-12-14', '9217 Claudia Port Apt. 211\nVeumfurt, TN 90539', '+4622059077477', 'abe.stehr@etu.univ-orleans.fr', '198 Myra Shoals\nAlfredaborough, WY 76165'),
(7730775, 290, 'Brooke', 'Gutkowski', '1995-02-24', '51421 Ankunding Cove\nMaryamton, HI 06073', '+8260674758495', 'brooke.gutkowski@etu.univ-orleans.fr', '4366 Batz Shoal\nWest Janick, CT 38635-7406'),
(7746815, 129, 'Candace', 'Konopelski', '2019-11-02', '693 Walker Roads Apt. 744\nNew Elinor, MT 98427-5468', '+1309032808715', 'candace.konopelski@etu.univ-orleans.fr', '9809 Landen Shore\nSouth Ibrahimberg, VT 53835-2287'),
(7806821, 554, 'Bryana', 'Botsford', '1974-07-08', '585 Stehr Gateway\nWest Murphy, AK 34863-6961', '+5240292234921', 'bryana.botsford@etu.univ-orleans.fr', '31242 Kuhlman Key\nNorth Reanna, CA 25975-6119'),
(7812263, 89, 'Everette', 'Miller', '1981-04-25', '5340 Edyth Hill Suite 370\nLegrosmouth, WY 20279-5018', '+9330262922607', 'everette.miller@etu.univ-orleans.fr', '38827 Tod Glens Suite 895\nSchneiderberg, MN 79072-0796'),
(7820037, 981, 'Aisha', 'Harris', '1983-10-28', '5030 Ruecker Junction Suite 349\nMarcoborough, MS 80104-1080', '+3726217446633', 'aisha.harris@etu.univ-orleans.fr', '419 Schultz Mountain\nNorth Sydnieburgh, OR 33377'),
(7836063, 187, 'Chloe', 'Fisher', '2006-05-21', '9362 Bailey Expressway\nShanahanfurt, TX 53557', '+4404137073130', 'chloe.fisher@etu.univ-orleans.fr', '553 Keebler Bypass\nLake Armandoburgh, MN 00408'),
(7875668, 867, 'Estrella', 'Bins', '2015-05-22', '8808 Koss Land\nEast Alanna, MD 78520-1309', '+8199012238515', 'estrella.bins@etu.univ-orleans.fr', '27952 Stroman Flats\nLake Karlibury, DC 41027'),
(7903362, 213, 'Leatha', 'Nikolaus', '2019-06-15', '6585 Ruecker Parkway Suite 330\nMelvinberg, MA 41813', '+2692636612295', 'leatha.nikolaus@etu.univ-orleans.fr', '982 Bartoletti Park\nNew Obie, CT 13516'),
(7911397, 925, 'Danial', 'Monahan', '1997-04-27', '181 Alejandrin Mountain Apt. 562\nWest Noeliaburgh, ND 48954-9499', '+5094084195074', 'danial.monahan@etu.univ-orleans.fr', '2213 Raynor Canyon Suite 631\nEast Gilbertofurt, OK 78102-4438'),
(7916581, 467, 'Nick', 'Adams', '2009-06-28', '134 Goldner Groves\nSouth Arneberg, LA 14791', '+9965881407953', 'nick.adams@etu.univ-orleans.fr', '559 Becker Points\nBoview, NE 35473'),
(7980956, 322, 'Trenton', 'Lebsack', '1970-06-17', '9398 Alberta Knolls\nFeilberg, WV 05096-7708', '+2906842651294', 'trenton.lebsack@etu.univ-orleans.fr', '9719 Angelica Camp\nRogahnport, SD 49371-7205'),
(7986190, 940, 'Monty', 'Streich', '1973-06-18', '41331 Barton Divide Suite 958\nChristiansenbury, LA 75547-7113', '+5725588892222', 'monty.streich@etu.univ-orleans.fr', '59287 Donnelly Isle Suite 853\nEast Ardenview, NJ 70888-1466'),
(7997953, 901, 'Jessyca', 'Collier', '1978-03-28', '571 Nikolaus Forges\nLizzieshire, ID 91712-3561', '+3174879206897', 'jessyca.collier@etu.univ-orleans.fr', '744 Grant Via Apt. 287\nConntown, MD 82273'),
(8039238, 849, 'Bertha', 'Medhurst', '1979-05-29', '76032 Madilyn Mission Apt. 099\nSouth Herta, NE 67021', '+6116688658414', 'bertha.medhurst@etu.univ-orleans.fr', '93166 Vidal Track\nSouth Gladys, UT 56065'),
(8064641, 714, 'Kirk', 'Wiegand', '2001-09-23', '1118 Bo Mills\nWehnerchester, IA 59471', '+4475253514019', 'kirk.wiegand@etu.univ-orleans.fr', '3568 Goldner Terrace Apt. 927\nBartolettihaven, WY 16341'),
(8077220, 694, 'Duane', 'Stamm', '1972-04-12', '958 Garett Valley Suite 453\nLake Ransomfurt, NC 01179', '+4184620420435', 'duane.stamm@etu.univ-orleans.fr', '545 Destiney River\nMarjorieshire, NJ 75776'),
(8088686, 322, 'Jarrett', 'Wilkinson', '2016-08-25', '8413 Stokes Skyway Suite 664\nPort Electaland, OH 17496', '+5130337674875', 'jarrett.wilkinson@etu.univ-orleans.fr', '19276 DuBuque Pass Suite 056\nNew Shanelfurt, ND 23856'),
(8094110, 362, 'Buford', 'Vandervort', '2014-07-21', '352 Hoeger Ridges Suite 405\nSouth Annamae, IA 16890', '+2115518887225', 'buford.vandervort@etu.univ-orleans.fr', '464 Steuber Common Suite 627\nVitaview, CO 18043'),
(8100595, 392, 'Aron', 'Schiller', '2007-08-22', '237 Langworth Pass\nNew Gerry, LA 31332', '+7155589572246', 'aron.schiller@etu.univ-orleans.fr', '2013 Miller Field Suite 896\nPort Oran, KY 91913'),
(8135457, 587, 'Jaqueline', 'Quitzon', '2019-09-11', '2623 Marcellus Station\nEast Alexburgh, NY 33637', '+7701082722940', 'jaqueline.quitzon@etu.univ-orleans.fr', '5348 Warren Union Suite 875\nWeimannton, AL 34393');
INSERT INTO `etudiant` (`NUM_ETUDIANT`, `ID_LISTE`, `PRENOM_ETUDIANT`, `NOM_ETUDIANT`, `NAISSANCE_ETUDIANT`, `ADRESSE_ETUDIANT`, `TEL_ETUDIANT`, `EMAIL_ETUDIANT`, `ADRESSE_PARENTS`) VALUES
(8153023, 706, 'Isabella', 'Hintz', '1973-09-12', '9012 Morissette Route Apt. 631\nProhaskachester, NJ 89197', '+7931090251620', 'isabella.hintz@etu.univ-orleans.fr', '341 Kirstin River\nBeattyside, TX 15496'),
(8158587, 33, 'Tamara', 'Medhurst', '1981-04-12', '583 Jerde Overpass Suite 317\nWest Dionside, VA 88967-5960', '+1679824773087', 'tamara.medhurst@etu.univ-orleans.fr', '80895 Murphy Mall Suite 235\nPort Cora, MI 45675-6112'),
(8160002, 610, 'Rosanna', 'Roberts', '2005-01-22', '37568 Maymie Run\nFadelmouth, MA 61229', '+8593765765959', 'rosanna.roberts@etu.univ-orleans.fr', '40930 Harris River Apt. 874\nLake Taya, ND 09118-2830'),
(8214789, 719, 'Bernard', 'Mitchell', '1973-05-19', '5251 Spencer Parks\nWest Adrien, CA 68478-2415', '+8427507616948', 'bernard.mitchell@etu.univ-orleans.fr', '3177 Predovic Corner Suite 189\nEast Marcos, NC 17758-7195'),
(8216726, 33, 'Miracle', 'Hartmann', '1985-07-22', '273 Daugherty Motorway\nWest Verntown, NE 64056-2720', '+7305020240095', 'miracle.hartmann@etu.univ-orleans.fr', '4831 Colleen Junctions Suite 876\nPourosfort, OR 92693-9941'),
(8217606, 323, 'Torrance', 'Denesik', '1988-07-31', '296 Thiel Fort\nSouth Terrance, LA 31872-6049', '+9669377759984', 'torrance.denesik@etu.univ-orleans.fr', '18943 Skiles Dale Apt. 026\nEast Jaunitashire, TX 37063'),
(8226711, 182, 'Tanya', 'Dare', '2018-10-17', '604 Krajcik Place Apt. 536\nSkilesshire, IL 36567', '+9760637242085', 'tanya.dare@etu.univ-orleans.fr', '2013 Cedrick Viaduct\nWest Kariton, MO 15577'),
(8235087, 171, 'Colten', 'Effertz', '1981-08-15', '2011 Heather Fall Suite 036\nNitzschefurt, GA 58116', '+1221930629944', 'colten.effertz@etu.univ-orleans.fr', '251 Irwin Throughway Suite 146\nChristyside, KS 05103'),
(8247143, 969, 'Kendra', 'Wuckert', '1974-05-18', '13609 Corkery Tunnel Apt. 353\nZiemefurt, CO 16965', '+2649161809912', 'kendra.wuckert@etu.univ-orleans.fr', '526 Davis Court Apt. 012\nEast Lulaton, NV 72733'),
(8266177, 337, 'Joy', 'Harvey', '1976-09-29', '910 Selmer Row Suite 283\nNorth Jadaborough, WY 07523-0234', '+7953126320688', 'joy.harvey@etu.univ-orleans.fr', '20359 Holly Lock Suite 558\nNew Carmelo, MD 86194-6043'),
(8285586, 665, 'Arvilla', 'Kerluke', '1977-02-06', '3087 Kilback Pike Apt. 901\nGerholdberg, MO 22667', '+1519414493111', 'arvilla.kerluke@etu.univ-orleans.fr', '71705 Gerald Oval Suite 454\nSouth Chesterport, AZ 96406'),
(8333257, 324, 'Erik', 'Koss', '1996-02-08', '7029 Cremin Manor\nLuettgentown, IL 42600-1176', '+5674700373417', 'erik.koss@etu.univ-orleans.fr', '1096 Hahn Mills Suite 853\nLake Ofelia, OK 33654-3127'),
(8345455, 832, 'Miracle', 'Watsica', '2005-06-20', '3866 Mraz Walks\nLonieview, AZ 33342', '+1045287975273', 'miracle.watsica@etu.univ-orleans.fr', '6387 Wyman Mall\nBodeport, ID 42588-3708'),
(8372168, 619, 'Madge', 'Kuhic', '2012-06-03', '294 Cole Lodge\nWest Emmaleestad, VA 51013-3995', '+7176500622121', 'madge.kuhic@etu.univ-orleans.fr', '140 Terrance Drive Apt. 627\nPort Leanna, AL 77132-1324'),
(8422254, 617, 'Stanley', 'Stoltenberg', '1994-08-10', '9263 Runolfsdottir Points Suite 112\nLake Ray, NH 08555', '+2191635618385', 'stanley.stoltenberg@etu.univ-orleans.fr', '8652 Leonardo Island Apt. 559\nMaialand, IN 05516'),
(8507794, 213, 'Filomena', 'Bernhard', '2012-10-20', '18910 Janis Plains\nEast Marcellastad, NC 92455-4358', '+7054779006904', 'filomena.bernhard@etu.univ-orleans.fr', '74646 Jacey Fort\nNorth Kaylah, VT 16357'),
(8523695, 364, 'Freddy', 'Connelly', '2015-06-28', '6870 Brown Path\nPort Dave, NY 20429-4108', '+6848557061820', 'freddy.connelly@etu.univ-orleans.fr', '16056 Vernie Prairie Suite 888\nHelenaberg, DC 11156-1076'),
(8532614, 91, 'Jasmin', 'Olson', '1977-08-23', '60708 Lewis Glens Suite 380\nEast Anika, NC 96790-1839', '+3761531287600', 'jasmin.olson@etu.univ-orleans.fr', '48539 Hugh View\nNorth Jayden, ID 97083'),
(8579434, 901, 'Patience', 'Marvin', '2003-08-24', '221 Stephan Land Suite 963\nPort Murray, HI 05083-5931', '+4783500658947', 'patience.marvin@etu.univ-orleans.fr', '4994 Keeling Turnpike\nHirtheview, MD 73535'),
(8584277, 355, 'Junior', 'Considine', '2003-11-03', '24065 Powlowski Vista\nLake Alfonzo, SD 14480-3627', '+3631190998726', 'junior.considine@etu.univ-orleans.fr', '51025 Jones Extensions Apt. 783\nNorth Zella, VA 32679-8775'),
(8587443, 820, 'Corene', 'Olson', '1978-10-10', '458 Eichmann Circle Apt. 068\nKlingberg, OR 24146-6873', '+8942711199753', 'corene.olson@etu.univ-orleans.fr', '2473 Elyse Prairie\nNorth Annamarie, GA 87584-9619'),
(8590651, 327, 'Jeffery', 'Konopelski', '1996-04-27', '23771 Ewald Drives Apt. 224\nSouth Dominique, AZ 55706', '+8032867806528', 'jeffery.konopelski@etu.univ-orleans.fr', '770 Langworth Branch Suite 297\nNorth Zack, OH 03928-1053'),
(8597637, 451, 'Aubrey', 'Grant', '2004-02-22', '985 Mariane Curve Apt. 244\nBernhardfurt, WY 25744-2203', '+5217439351842', 'aubrey.grant@etu.univ-orleans.fr', '9047 Noel Flats\nNew Idellaville, OH 69721-8224'),
(8639281, 707, 'Sheldon', 'Little', '1998-09-07', '5757 Eldred Harbor Suite 527\nSouth Aubreehaven, AR 25760-4924', '+9197656707426', 'sheldon.little@etu.univ-orleans.fr', '559 Gracie Village Apt. 256\nNorth Annalisetown, RI 31651'),
(8679569, 302, 'Shaniya', 'Cremin', '2009-07-03', '37749 Kristofer Station\nPort Claudia, MD 12978', '+4354259594981', 'shaniya.cremin@etu.univ-orleans.fr', '481 Herzog Course\nTressafurt, CA 12563'),
(8719911, 290, 'Rolando', 'Powlowski', '1973-10-11', '73076 Aletha Spurs\nNew Daijaborough, MO 40945', '+2104227943985', 'rolando.powlowski@etu.univ-orleans.fr', '397 Amelia Grove\nNew Zoeberg, NJ 89380'),
(8746756, 484, 'Gerhard', 'King', '2014-05-17', '9156 Hirthe Roads Suite 658\nDeehaven, DC 54680-2827', '+8802321503258', 'gerhard.king@etu.univ-orleans.fr', '63242 Cormier Plaza\nPort Wendyberg, IL 07749'),
(8752586, 686, 'Amy', 'Conroy', '2007-04-10', '19650 Schaefer Square\nLake Cristobalchester, NJ 40710', '+3110772114654', 'amy.conroy@etu.univ-orleans.fr', '43535 Sipes Mill\nBartellchester, NE 31604'),
(8754393, 731, 'Juvenal', 'Blanda', '1979-07-28', '957 McGlynn Lodge\nLake Muriel, OH 51735-8762', '+2048429545798', 'juvenal.blanda@etu.univ-orleans.fr', '1082 Kristin Key Apt. 366\nCarmenton, NM 64766-8171'),
(8777056, 102, 'Verla', 'Gislason', '2015-05-30', '6752 Wyman Courts Apt. 329\nNitzschebury, MI 32280-1654', '+4441176717013', 'verla.gislason@etu.univ-orleans.fr', '94742 Windler Street Suite 878\nLake Collin, TX 87214-3928'),
(8781764, 690, 'Hilda', 'Okuneva', '2020-11-11', '739 Denesik Valley\nEast Seamus, WY 85177', '+5559872286095', 'hilda.okuneva@etu.univ-orleans.fr', '206 Marilou Road\nPowlowskibury, PA 73131'),
(8809414, 877, 'Sanford', 'Paucek', '1991-05-25', '77128 Concepcion Summit\nBlancafort, OH 75638-3984', '+5803042484340', 'sanford.paucek@etu.univ-orleans.fr', '24682 Wunsch Village\nEast Elton, DE 87897-0683'),
(8815415, 172, 'Wilson', 'Vandervort', '1979-08-25', '27922 Bergnaum Route\nTianaland, TN 34816', '+2147409431216', 'wilson.vandervort@etu.univ-orleans.fr', '18505 Romaguera Islands\nWest Norberto, MT 37030'),
(8817621, 124, 'Brendan', 'Kunde', '2013-11-03', '66735 Cydney Row Suite 786\nMillerside, WY 90939-4066', '+6253056026805', 'brendan.kunde@etu.univ-orleans.fr', '1344 Alessia Land Suite 338\nNorth Fanny, IN 99187'),
(8817937, 323, 'Irwin', 'Terry', '2016-01-11', '939 Erik Squares\nNorth Ramonbury, NM 26153-4714', '+8586749027781', 'irwin.terry@etu.univ-orleans.fr', '9669 Harrison Overpass\nJeramieside, NV 03275-6541'),
(8889918, 672, 'Agustin', 'Runte', '2005-11-15', '55394 Kitty Mount Apt. 308\nSouth Ramonside, AL 55396-8070', '+8019259105558', 'agustin.runte@etu.univ-orleans.fr', '487 Aaron Flat Apt. 746\nAngelmouth, OH 18810-6903'),
(8903210, 665, 'Rebekah', 'Nitzsche', '1980-03-11', '30983 Hill Plaza Suite 434\nSouth Alyciamouth, IN 50111-7573', '+7778929749354', 'rebekah.nitzsche@etu.univ-orleans.fr', '987 Von Oval Suite 523\nNorth Sidneyborough, MA 85232-9499'),
(8910976, 324, 'Deja', 'Yost', '1991-08-30', '868 Landen Spurs\nNew Charleneton, LA 69321', '+3742920523726', 'deja.yost@etu.univ-orleans.fr', '8078 Bill Ranch Apt. 989\nNorth Kayleeland, MT 38796-9648'),
(8942569, 575, 'Name', 'Greenfelder', '1997-04-13', '96078 Verner Ports\nLake Orinstad, WY 13551-4485', '+2356145509345', 'name.greenfelder@etu.univ-orleans.fr', '3473 Blanda Spur Apt. 420\nSusanburgh, IL 59057-3952'),
(8950241, 996, 'Noel', 'Stoltenberg', '1972-05-19', '661 Leannon Drive Apt. 782\nKihnchester, PA 97988-2007', '+8306830195555', 'noel.stoltenberg@etu.univ-orleans.fr', '17778 Schulist Square\nSouth Rodolfoburgh, UT 93682-8900'),
(8954562, 554, 'Dasia', 'Skiles', '1994-05-19', '94941 Hills Pines Suite 157\nGulgowskitown, KS 37001', '+1952973673739', 'dasia.skiles@etu.univ-orleans.fr', '7517 Janick Lane Suite 331\nNew Lucius, MI 97315'),
(8959662, 362, 'Terrell', 'Corwin', '1990-06-09', '30117 Justyn Unions\nSipesmouth, WV 92422', '+8759898733990', 'terrell.corwin@etu.univ-orleans.fr', '88742 Ephraim Street\nWest Cobyberg, CO 04682'),
(8972085, 960, 'Karelle', 'Aufderhar', '2003-10-05', '2374 Alvera Skyway Apt. 446\nPort Misty, WV 72936', '+1289137855264', 'karelle.aufderhar@etu.univ-orleans.fr', '513 Kub Grove Suite 529\nNorth Willard, NY 50829-9820'),
(8981312, 529, 'Randall', 'Von', '1975-08-27', '493 Shields Trafficway Suite 261\nCierramouth, TN 61005-2409', '+2760290073640', 'randall.von@etu.univ-orleans.fr', '78421 Stone Lake Suite 952\nNew Modesta, DE 89001'),
(8983050, 716, 'Gardner', 'Larson', '1997-03-19', '827 Kilback Centers\nWest Justineborough, IN 66971-8658', '+1020455509782', 'gardner.larson@etu.univ-orleans.fr', '7657 Trever Grove\nLake Buddyfort, FL 98174'),
(8996565, 358, 'Audreanne', 'Ratke', '2017-01-12', '699 Willis Street\nNew Sydnee, KY 72794', '+8873457190388', 'audreanne.ratke@etu.univ-orleans.fr', '50086 Nicolas Streets\nClaireside, MT 86475'),
(9009267, 786, 'Emilie', 'Gibson', '1970-01-06', '3654 Lilly Viaduct Suite 036\nLake Adalberto, NV 80223-8468', '+4329699168981', 'emilie.gibson@etu.univ-orleans.fr', '882 Ova Freeway Suite 368\nMaggioport, NJ 31384-6216'),
(9046596, 242, 'Leann', 'Boyle', '1974-04-27', '424 Allie Creek\nDeckowstad, LA 71351-7710', '+4235210988674', 'leann.boyle@etu.univ-orleans.fr', '8454 Emely Overpass\nAlexanneview, CT 54936-3864'),
(9055783, 820, 'Shyann', 'Kautzer', '2019-11-26', '4761 Mozell Spurs Suite 603\nEast Audreyborough, NM 62510', '+6429050515223', 'shyann.kautzer@etu.univ-orleans.fr', '7919 Patience Ridge Suite 904\nWest Chaddport, GA 25251'),
(9056985, 665, 'London', 'Schumm', '1975-03-08', '86149 Veum Row\nGleichnerstad, GA 59061', '+2435184646130', 'london.schumm@etu.univ-orleans.fr', '961 Schimmel Fords Apt. 572\nPort Brendonberg, WV 55930-2194'),
(9087542, 841, 'Kamren', 'Bergstrom', '2018-04-08', '66787 Langosh Pass\nWilkinsonshire, NC 91978', '+3458960265083', 'kamren.bergstrom@etu.univ-orleans.fr', '1644 Shyann Extensions\nNorth Jany, RI 98813-1738'),
(9103497, 862, 'Xzavier', 'Dickinson', '2013-03-25', '8960 Sean Corners Suite 732\nNorth Idellashire, ID 10292', '+9884331447176', 'xzavier.dickinson@etu.univ-orleans.fr', '41538 Terrill Causeway\nNorth Tristonhaven, KS 19056'),
(9138077, 38, 'Camryn', 'Dare', '1983-09-24', '46620 Emmerich Pine\nPort Arnotown, MA 82483-3846', '+1386405871468', 'camryn.dare@etu.univ-orleans.fr', '606 Wolff Knolls\nNorth Lew, AK 05776-2053'),
(9150026, 665, 'Peggie', 'Tremblay', '2020-09-24', '15190 Marks Branch\nSchambergerhaven, UT 48756-2530', '+5914562988330', 'peggie.tremblay@etu.univ-orleans.fr', '2926 Herman Square Suite 455\nWeberport, TN 10533-6515'),
(9154961, 925, 'Eliezer', 'Schiller', '1986-10-11', '7681 Phyllis Tunnel Suite 414\nEast Meda, TX 38554-1362', '+9988568879631', 'eliezer.schiller@etu.univ-orleans.fr', '34175 Keegan Islands\nNorbertostad, AK 01791'),
(9159232, 125, 'Kaci', 'Prosacco', '1977-02-25', '42536 Bashirian Park Apt. 334\nDianahaven, SC 30532-7222', '+5424654887668', 'kaci.prosacco@etu.univ-orleans.fr', '15084 Pouros Skyway\nSimonistown, CO 84718-4491'),
(9160045, 470, 'Turner', 'Haley', '1980-01-10', '60025 Clair Manor Suite 629\nEast Randiburgh, NC 13581', '+7400572162663', 'turner.haley@etu.univ-orleans.fr', '9024 Kautzer Fields Suite 558\nBeckerbury, HI 91173-8160'),
(9220875, 528, 'Justice', 'Bailey', '1994-03-23', '62650 Zemlak Corner\nGutmannchester, NC 93033-0063', '+9663464834796', 'justice.bailey@etu.univ-orleans.fr', '2785 Freddie Dale\nEast Athena, MA 55867-7973'),
(9222051, 907, 'Roosevelt', 'Schowalter', '1970-09-10', '91300 Serenity Ferry\nMayertmouth, AK 08816', '+3646038673628', 'roosevelt.schowalter@etu.univ-orleans.fr', '4957 Payton Hills\nEast Clement, NM 19192'),
(9248693, 981, 'Green', 'Waters', '1982-06-30', '3390 Willms Ports\nPricefurt, AR 42781-0433', '+3611517808340', 'green.waters@etu.univ-orleans.fr', '632 Wiza Knoll Suite 779\nNorth Allene, IL 19569'),
(9251827, 960, 'Imelda', 'Heller', '2018-10-30', '220 Sawayn Parkway\nAlvenaview, AZ 95064-0162', '+6616123678970', 'imelda.heller@etu.univ-orleans.fr', '28455 Raymundo Meadows Suite 596\nHarrisberg, SD 95955'),
(9252543, 864, 'Miguel', 'Schuppe', '1995-12-23', '3563 Greenholt Park\nWest Sallie, MO 24471', '+7640690719241', 'miguel.schuppe@etu.univ-orleans.fr', '42391 Kihn Springs\nSouth Maximillia, IN 03132-6004'),
(9253594, 776, 'Mariela', 'Adams', '1987-03-19', '673 Tyshawn Shores Apt. 448\nLefflertown, AZ 58771-9857', '+9860442518262', 'mariela.adams@etu.univ-orleans.fr', '991 Dale Brooks Suite 855\nJulesbury, IL 64265-6458'),
(9275386, 335, 'Dianna', 'Predovic', '2010-08-03', '89362 Anastasia Island Apt. 577\nLake Luz, MO 68837-3346', '+1627143336807', 'dianna.predovic@etu.univ-orleans.fr', '50478 Lori Mount\nStokesbury, WY 71834-6273'),
(9334335, 672, 'Genevieve', 'Corwin', '2006-06-15', '77047 Shields Avenue Suite 866\nSouth Gwendolynville, NH 12500-3429', '+9925140488478', 'genevieve.corwin@etu.univ-orleans.fr', '16207 Nova Turnpike\nTerenceville, FL 80578-0471'),
(9345919, 854, 'Otha', 'Steuber', '2004-05-28', '6525 Lucie Inlet Suite 000\nWest Danial, RI 84160-5318', '+2323425483823', 'otha.steuber@etu.univ-orleans.fr', '76536 Evangeline Isle\nSadyetown, WI 99189-1799'),
(9349342, 627, 'Parker', 'Cummings', '2004-08-02', '6125 Newton Mill Apt. 548\nJadefort, CA 88698', '+2130840688647', 'parker.cummings@etu.univ-orleans.fr', '227 Holly Turnpike Suite 189\nGillianburgh, HI 59062'),
(9366094, 188, 'Celestine', 'Bergstrom', '2009-06-15', '7406 Gutkowski Alley\nRyanfort, AZ 90769-7359', '+7910799291305', 'celestine.bergstrom@etu.univ-orleans.fr', '233 Gulgowski Dale\nLarkinmouth, KS 68632-8409'),
(9371193, 33, 'Sim', 'Donnelly', '2020-05-20', '774 Cary Ford\nWintheiserton, WA 33480-7892', '+7723150197827', 'sim.donnelly@etu.univ-orleans.fr', '676 Runte Court\nWilliston, GA 14315-9994'),
(9378188, 312, 'Cortney', 'Schmitt', '1992-07-04', '571 Dashawn Street Apt. 770\nLake Jensen, RI 08536-1743', '+5141864879248', 'cortney.schmitt@etu.univ-orleans.fr', '48786 Omari Union Apt. 037\nEmmyville, CT 15243-8975'),
(9382628, 166, 'Dwight', 'Hamill', '1999-08-07', '337 Triston Roads Apt. 873\nBlandatown, RI 63137-0193', '+9578108988006', 'dwight.hamill@etu.univ-orleans.fr', '5999 Kuhn Terrace\nWest Boyd, SD 24379-1162'),
(9398168, 54, 'Carolyn', 'Nolan', '1982-10-20', '7044 Leuschke Haven Suite 505\nSchowalterton, DE 29468-0751', '+6362745188161', 'carolyn.nolan@etu.univ-orleans.fr', '151 Shakira Station Apt. 664\nErnserville, OK 98590-3262'),
(9424861, 925, 'Meaghan', 'Hansen', '2017-06-30', '30335 Melyssa Point Suite 950\nMetzport, WY 45349', '+8672381551577', 'meaghan.hansen@etu.univ-orleans.fr', '64373 Josefa Shoal\nSantinoport, GA 34387'),
(9426826, 961, 'Jayson', 'Hudson', '2009-03-11', '42240 Scotty Course\nDougmouth, AR 39171-6604', '+5991637866637', 'jayson.hudson@etu.univ-orleans.fr', '37065 Hoppe Highway\nBreitenbergburgh, VA 98348-6120'),
(9454832, 840, 'Boris', 'Crooks', '2014-12-20', '346 Hagenes Overpass Suite 626\nEast Enriqueburgh, NJ 64517-3031', '+7028761237850', 'boris.crooks@etu.univ-orleans.fr', '59051 Luna Trafficway\nLuciouschester, NH 13583'),
(9464430, 358, 'Boyd', 'Paucek', '1995-05-13', '623 Zieme Locks\nNorth Osborne, NV 78810-7665', '+4282627635930', 'boyd.paucek@etu.univ-orleans.fr', '87238 Feest Ridge Suite 204\nBotsfordview, AK 25548'),
(9475537, 806, 'Myah', 'Collier', '2003-06-18', '85079 Gennaro River\nKassulkemouth, UT 26719-6262', '+4166338276394', 'myah.collier@etu.univ-orleans.fr', '63710 Hermiston River Suite 509\nBritneymouth, AR 40198-1138'),
(9534516, 312, 'Jacquelyn', 'Rath', '1995-10-13', '67556 Stroman Mount Apt. 402\nPort Odell, KS 55579-8105', '+9443857515361', 'jacquelyn.rath@etu.univ-orleans.fr', '231 Elyssa Pike Apt. 862\nWest Ritashire, DC 53898-0630'),
(9539109, 466, 'Imani', 'Donnelly', '1972-12-17', '92230 Schaden Cove\nTalialand, WV 04933-7243', '+8552392708787', 'imani.donnelly@etu.univ-orleans.fr', '6180 Dietrich Drive Apt. 621\nSouth Alessandra, TN 03558'),
(9564125, 312, 'Barbara', 'Funk', '2017-08-18', '1521 Alvena Oval\nDennisfurt, UT 71490-9654', '+7327353698610', 'barbara.funk@etu.univ-orleans.fr', '712 Matteo Light Suite 428\nKuphalton, NE 78733-1779'),
(9613671, 358, 'Kurt', 'Johnston', '2018-06-25', '30448 Marlon Grove\nTracytown, OR 37740', '+1695492364499', 'kurt.johnston@etu.univ-orleans.fr', '5043 Daisha Street\nNorth Emeliamouth, WV 62515'),
(9620347, 939, 'Colin', 'Hettinger', '1990-12-25', '817 Feeney Knoll\nNorth Vilmafurt, CA 52916-9998', '+7753546969675', 'colin.hettinger@etu.univ-orleans.fr', '365 Jonatan Crescent Apt. 144\nBergstromberg, NH 59632'),
(9620998, 472, 'Hailee', 'Williamson', '1980-08-30', '3300 Mante Stream\nSouth Aiden, AZ 24167-1794', '+6442731083782', 'hailee.williamson@etu.univ-orleans.fr', '8933 Bruen Springs Suite 055\nNorth Beaulah, VT 16696-4376'),
(9638246, 694, 'Christ', 'Mitchell', '1971-08-19', '40328 Teresa Prairie\nLake Luz, NV 55524', '+6645270722245', 'christ.mitchell@etu.univ-orleans.fr', '9758 Jacobi Bypass Apt. 323\nAlfonsoville, AL 46472-8518'),
(9673648, 408, 'Maximilian', 'Feest', '2013-12-24', '79774 Neha Crest Apt. 654\nWest Cicero, PA 99821', '+3883053054507', 'maximilian.feest@etu.univ-orleans.fr', '3668 Kautzer Forges\nSouth Davinmouth, NJ 00035'),
(9693848, 643, 'Kiera', 'Windler', '1974-07-02', '4721 Nader Fields\nLindgrenstad, UT 86657', '+8247293821338', 'kiera.windler@etu.univ-orleans.fr', '29901 Marina Summit\nLake Leonora, IL 87419-0350'),
(9707989, 544, 'Antonetta', 'Torphy', '1971-08-25', '47786 Lela Underpass Apt. 439\nLake Nina, OR 24821', '+7469916225734', 'antonetta.torphy@etu.univ-orleans.fr', '7708 Hudson Divide Suite 155\nSouth Lucyville, AK 47863'),
(9746810, 964, 'Grant', 'Olson', '2010-12-08', '9105 Ernestina Prairie\nNorth Demetrius, MT 40349-6355', '+3792841762847', 'grant.olson@etu.univ-orleans.fr', '62333 Schimmel Ville Apt. 227\nRobertsbury, SD 31979-1077'),
(9751169, 319, 'Kellie', 'Littel', '1994-03-15', '5122 Estell Points\nBalistreriborough, NJ 05877-2830', '+5618828287578', 'kellie.littel@etu.univ-orleans.fr', '231 Conroy Avenue Suite 848\nLeannonstad, NJ 69191-7232'),
(9763350, 996, 'Jennifer', 'Jacobson', '2003-10-18', '10518 Noble Ridges Suite 594\nWest Hiram, AL 89545-0519', '+8814946741483', 'jennifer.jacobson@etu.univ-orleans.fr', '152 Lakin Greens\nHuelsview, DC 22784-5040'),
(9832374, 38, 'Lacy', 'Dicki', '1995-10-07', '578 Desiree Plaza\nNew Mackenziefort, LA 33072', '+4733260345811', 'lacy.dicki@etu.univ-orleans.fr', '18473 Hector Ridge\nKrystelmouth, AL 57030'),
(9851060, 323, 'Angelo', 'Littel', '2018-12-08', '1408 Emery Rest Suite 848\nWest Donavonhaven, SD 80372', '+8142137318790', 'angelo.littel@etu.univ-orleans.fr', '79504 Kiehn Curve Suite 634\nKiramouth, KS 20170'),
(9864318, 207, 'Sanford', 'Wisozk', '1987-12-02', '2478 Carroll Estates Apt. 307\nGeraldinefort, NE 83762-0429', '+8465683458870', 'sanford.wisozk@etu.univ-orleans.fr', '54547 Adams Locks Apt. 757\nIsidrobury, WI 81379-4742'),
(9865485, 675, 'Deshawn', 'Stark', '1972-06-14', '99547 Predovic Motorway\nSouth Vaughn, KY 98663-2992', '+9850949792650', 'deshawn.stark@etu.univ-orleans.fr', '9965 Boehm Plains Suite 575\nVonRuedenville, SD 58069'),
(9909076, 849, 'Abby', 'Beier', '2013-04-13', '39560 Helmer Gateway\nHansenside, NJ 55864-6145', '+1042424343313', 'abby.beier@etu.univ-orleans.fr', '901 Russell Path\nDibbertshire, HI 03334-2449'),
(9916120, 182, 'Layla', 'Bauch', '2020-03-07', '4255 Jaylan Drives Suite 820\nProsaccobury, KY 55478-1875', '+6452044413532', 'layla.bauch@etu.univ-orleans.fr', '9313 Jamey Dam Suite 733\nConnellyland, OR 36034-4270'),
(9969122, 996, 'Vincenzo', 'Yundt', '2008-04-26', '6062 Kiehn Bypass Suite 175\nKlockochester, IA 13194', '+1132017017889', 'vincenzo.yundt@etu.univ-orleans.fr', '6776 Effertz Square\nKleinland, KS 61873-0612'),
(9993681, 613, 'Dakota', 'Schroeder', '1975-06-20', '25647 Ullrich Squares\nAdellechester, NE 65468-3234', '+1630123382103', 'dakota.schroeder@etu.univ-orleans.fr', '9732 Rosenbaum Ford Apt. 514\nNorth Enrico, SD 48491');

-- --------------------------------------------------------
--
-- Insertion pour la table `listes`
--
-- --------------------------------------------------------

INSERT INTO `listes` (`ID_LISTE`, `NOM_Liste`, `ID_RESPONSABLE`) VALUES
(10, 'iure', 667),
(16, 'eos', 908),
(23, 'consequatur', 948),
(25, 'commodi', 600),
(33, 'quae', 441),
(38, 'voluptas', 504),
(52, 'et', 606),
(54, 'placeat', 667),
(63, 'in', 908),
(75, 'repellat', 483),
(82, 'sed', 910),
(85, 'assumenda', 397),
(89, 'itaque', 620),
(91, 'aut', 955),
(102, 'ut', 329),
(109, 'ab', 963),
(111, 'dolores', 998),
(118, 'iure', 427),
(124, 'adipisci', 135),
(125, 'consequuntur', 29),
(129, 'aut', 815),
(132, 'nemo', 811),
(144, 'molestiae', 569),
(152, 'eos', 372),
(160, 'dolorum', 56),
(166, 'adipisci', 427),
(171, 'provident', 597),
(172, 'dolorem', 649),
(182, 'quod', 525),
(187, 'ut', 504),
(188, 'et', 572),
(193, 'accusantium', 288),
(207, 'magni', 504),
(213, 'assumenda', 702),
(214, 'ut', 135),
(216, 'id', 382),
(227, 'ratione', 871),
(239, 'cupiditate', 90),
(242, 'beatae', 133),
(244, 'iusto', 382),
(247, 'distinctio', 572),
(249, 'dolorem', 15),
(263, 'praesentium', 606),
(266, 'harum', 504),
(273, 'nihil', 815),
(274, 'similique', 620),
(275, 'quidem', 281),
(278, 'velit', 871),
(281, 'est', 855),
(283, 'voluptatum', 627),
(289, 'ea', 56),
(290, 'repellat', 948),
(299, 'autem', 441),
(300, 'minus', 821),
(302, 'necessitatibus', 461),
(312, 'autem', 871),
(314, 'et', 945),
(319, 'laboriosam', 908),
(322, 'neque', 29),
(323, 'voluptatem', 288),
(324, 'modi', 627),
(325, 'porro', 364),
(326, 'beatae', 963),
(327, 'dolorem', 314),
(328, 'nostrum', 821),
(334, 'voluptatem', 397),
(335, 'voluptas', 825),
(337, 'et', 382),
(345, 'eum', 815),
(352, 'voluptatibus', 427),
(354, 'neque', 327),
(355, 'sed', 910),
(358, 'optio', 791),
(362, 'aliquam', 234),
(364, 'dolorem', 234),
(374, 'repellat', 998),
(375, 'sequi', 828),
(376, 'non', 429),
(380, 'animi', 119),
(392, 'modi', 135),
(408, 'voluptas', 380),
(421, 'perspiciatis', 495),
(436, 'quaerat', 578),
(451, 'sed', 702),
(455, 'consequatur', 456),
(466, 'commodi', 133),
(467, 'in', 374),
(470, 'dolores', 702),
(472, 'ea', 38),
(484, 'asperiores', 379),
(508, 'nemo', 382),
(511, 'qui', 461),
(524, 'iure', 821),
(528, 'dolorem', 10),
(529, 'neque', 429),
(543, 'dolorem', 372),
(544, 'at', 248),
(547, 'ab', 38),
(551, 'est', 495),
(554, 'earum', 397),
(555, 'velit', 288),
(556, 'rem', 56),
(560, 'enim', 667),
(565, 'non', 871),
(575, 'quidem', 627),
(585, 'fugit', 144),
(587, 'doloribus', 456),
(592, 'cumque', 372),
(610, 'autem', 910),
(613, 'at', 144),
(617, 'rerum', 374),
(618, 'modi', 90),
(619, 'aut', 38),
(627, 'qui', 483),
(629, 'itaque', 288),
(631, 'sunt', 9),
(643, 'qui', 441),
(648, 'et', 612),
(658, 'esse', 811),
(661, 'officia', 910),
(662, 'et', 144),
(665, 'omnis', 90),
(668, 'quibusdam', 59),
(672, 'saepe', 135),
(674, 'sequi', 670),
(675, 'repellat', 955),
(686, 'dolor', 572),
(690, 'repellendus', 6),
(694, 'ea', 525),
(701, 'dolore', 6),
(706, 'consequatur', 504),
(707, 'distinctio', 327),
(708, 'reprehenderit', 908),
(712, 'facere', 993),
(714, 'sed', 456),
(715, 'repellendus', 456),
(716, 'exercitationem', 260),
(719, 'illum', 612),
(720, 'et', 59),
(725, 'voluptatem', 397),
(731, 'quasi', 90),
(732, 'omnis', 670),
(752, 'sit', 248),
(756, 'asperiores', 382),
(766, 'non', 945),
(776, 'fuga', 234),
(778, 'quaerat', 329),
(779, 'voluptatem', 985),
(786, 'fuga', 364),
(787, 'qui', 791),
(803, 'qui', 397),
(806, 'consequatur', 461),
(813, 'quod', 135),
(816, 'sed', 940),
(820, 'commodi', 327),
(821, 'blanditiis', 394),
(824, 'vitae', 364),
(825, 'sit', 871),
(832, 'reiciendis', 600),
(840, 'dolor', 374),
(841, 'animi', 495),
(844, 'illum', 394),
(849, 'similique', 133),
(852, 'omnis', 600),
(854, 'est', 374),
(860, 'temporibus', 394),
(862, 'officiis', 525),
(864, 'error', 945),
(867, 'ipsa', 10),
(877, 'reprehenderit', 916),
(891, 'nisi', 29),
(901, 'nesciunt', 811),
(906, 'vel', 380),
(907, 'a', 649),
(913, 'doloribus', 871),
(922, 'corrupti', 940),
(925, 'voluptas', 985),
(934, 'necessitatibus', 670),
(939, 'et', 441),
(940, 'reiciendis', 135),
(947, 'iste', 397),
(948, 'consequatur', 985),
(959, 'labore', 495),
(960, 'voluptatem', 441),
(961, 'aut', 667),
(964, 'sunt', 606),
(969, 'aut', 372),
(975, 'nostrum', 427),
(978, 'qui', 963),
(981, 'ut', 327),
(986, 'ea', 408),
(996, 'consequatur', 29);


-- --------------------------------------------------------
--
-- Insertion pour la table `parcours`
--
-- --------------------------------------------------------


INSERT INTO `parcours` (`ID_PARCOURS`, `LIBELLE`, `NIVEAU_PARCOURS`) VALUES
(24, 'Veritatis adipisci q', 'L1'),
(60, 'Suscipit quos mollit', 'L2'),
(61, 'Est sunt blanditiis.', 'L3'),
(126, 'Saepe consectetur mo', 'M2'),
(137, 'Rem omnis dolor.', 'L1'),
(150, 'Voluptas eos eveniet', 'L2'),
(168, 'Molestias aut qui.', 'M2'),
(173, 'Fugit in sit.', 'L1'),
(177, 'Officiis velit reici', 'M2'),
(196, 'Voluptas consequatur', 'L3'),
(215, 'Similique repellat c', 'L3'),
(235, 'Ex maxime et.', 'L1'),
(261, 'Et quidem veniam.', 'L2'),
(289, 'Sed quae.', 'M1'),
(307, 'Incidunt et magni.', 'L2'),
(369, 'Atque quae velit sae', 'M1'),
(385, 'Qui omnis et accusam', 'L1'),
(393, 'Ipsam iure enim.', 'DOCTO'),
(394, 'Numquam eius et ut.', 'DOCTO'),
(421, 'Aut perferendis id q', 'M1'),
(438, 'Dignissimos voluptat', 'M2'),
(462, 'Tempore assumenda co', 'L1'),
(478, 'Explicabo qui perspi', 'DOCTO'),
(497, 'Corporis dolorem off', 'L2'),
(517, 'Id ut autem.', 'M2'),
(567, 'Et at odit atque.', 'L3'),
(599, 'Veniam iusto laborum', 'M2'),
(606, 'Quis laboriosam odit', 'L3'),
(640, 'Tempora minus omnis.', 'L1'),
(654, 'Et alias officia.', 'DOCTO'),
(656, 'Cumque ea commodi.', 'M1'),
(659, 'Corporis quibusdam a', 'M2'),
(693, 'Dignissimos qui omni', 'L3'),
(768, 'Corporis dignissimos', 'L3'),
(777, 'Quis assumenda solut', 'DOCTO'),
(914, 'Id laborum aut id.', 'L1'),
(929, 'Similique ut eos.', 'M1'),
(941, 'Sit dolorem ipsa dol', 'DOCTO'),
(948, 'Voluptatem suscipit ', 'L2'),
(953, 'Tempore qui ut.', 'L3');


-- --------------------------------------------------------
--
-- Insertion pour la table `responsable`
--
-- --------------------------------------------------------


INSERT INTO `responsable` (`ID_RESPONSABLE`, `NOM_RESPONSABLE`, `PRENOM_RESPONSABLE`) VALUES
(6, 'Hilpert', 'Jayson'),
(9, 'Mills', 'Jarred'),
(10, 'Fay', 'Emerson'),
(15, 'Konopelski', 'Zechariah'),
(29, 'Herman', 'Jacey'),
(38, 'Welch', 'Raven'),
(56, 'Bogan', 'Trenton'),
(59, 'Haley', 'Mackenzie'),
(90, 'Ward', 'Jett'),
(119, 'Harvey', 'Paolo'),
(133, 'Gleason', 'Jaeden'),
(135, 'Blick', 'Karson'),
(144, 'Kozey', 'Chandler'),
(234, 'McDermott', 'Felipe'),
(248, 'Kulas', 'Vicente'),
(260, 'Rolfson', 'Dimitri'),
(281, 'Hamill', 'Rodolfo'),
(288, 'Block', 'Felton'),
(314, 'Miller', 'Kade'),
(327, 'Ortiz', 'Evan'),
(329, 'Prohaska', 'Koby'),
(364, 'Becker', 'Eugene'),
(372, 'Waelchi', 'Easter'),
(374, 'Bergstrom', 'Estevan'),
(378, 'Conn', 'Eugene'),
(379, 'Ullrich', 'Lemuel'),
(380, 'West', 'Keon'),
(382, 'Beahan', 'Antonio'),
(394, 'Kuhic', 'Justus'),
(397, 'Wolff', 'Brant'),
(408, 'Jacobi', 'Cristian'),
(427, 'Orn', 'Roman'),
(429, 'Mertz', 'Bo'),
(441, 'Ankunding', 'Eugene'),
(456, 'Feil', 'Maurice'),
(461, 'Simonis', 'London'),
(483, 'Reichert', 'Coleman'),
(495, 'Corwin', 'Oral'),
(504, 'Jaskolski', 'Payton'),
(525, 'Smith', 'Justyn'),
(569, 'Altenwerth', 'Landen'),
(572, 'Miller', 'Carol'),
(573, 'Schaden', 'Jarrett'),
(578, 'Langosh', 'Desmond'),
(597, 'Gislason', 'Kane'),
(600, 'Hegmann', 'Jordan'),
(606, 'Rippin', 'Monroe'),
(612, 'Kerluke', 'Ian'),
(620, 'Wintheiser', 'Louvenia'),
(627, 'Reinger', 'Antwan'),
(649, 'Schimmel', 'Dominic'),
(667, 'Fadel', 'Conrad'),
(670, 'Schuster', 'Sherwood'),
(702, 'Miller', 'Barry'),
(724, 'Gerlach', 'Levi'),
(791, 'Greenfelder', 'Domenic'),
(811, 'Schaden', 'Cortez'),
(815, 'Wisoky', 'Lamar'),
(821, 'Legros', 'Lewis'),
(825, 'Ledner', 'Raheem'),
(828, 'Schultz', 'Reed'),
(855, 'Schamberger', 'Grady'),
(871, 'Gleichner', 'Elijah'),
(882, 'Wiegand', 'Kevon'),
(908, 'Gottlieb', 'Braxton'),
(910, 'Ankunding', 'Johathan'),
(916, 'Bednar', 'Edgardo'),
(940, 'Balistreri', 'Desmond'),
(945, 'Bernhard', 'Deven'),
(948, 'Mohr', 'Demario'),
(955, 'Goyette', 'Noah'),
(963, 'Zemlak', 'Brock'),
(985, 'McDermott', 'Abel'),
(993, 'Goodwin', 'Branson'),
(998, 'Nader', 'Waldo');


-- --------------------------------------------------------
--
-- Insertion pour la table `secretaire`
--
-- --------------------------------------------------------


INSERT INTO `secretaire` (`ID_SECRETAIRE`, `NOM_SECRETAIRE`, `PRENOM_SECRETAIRE`) VALUES
(38, 'Jacobi', 'Shirley'),
(411, 'Jacobson', 'Stephany'),
(628, 'Metz', 'Sincere'),
(656, 'Erdman', 'Mary'),
(723, 'Schaden', 'Briana'),
(773, 'Schumm', 'Cleora'),
(782, 'Balistreri', 'Elvie'),
(816, 'Rempel', 'Theresa'),
(831, 'Kertzmann', 'Gudrun'),
(846, 'Conroy', 'Bessie'),
(934, 'Lind', 'Colleen'),
(943, 'Osinski', 'Abigayle');

-- --------------------------------------------------------
--
-- Insertion pour la table `statut`
--
-- --------------------------------------------------------


INSERT INTO `statut` (`ID_STATUT`, `NUM_ETUDIANT`, `ETUDIANT_RSE`, `ETUDIANT_AJAC`, `ETUDIANT_RNE`, `ETUDIANT_REDOUBLANT`, `ETUDIANT_SEMESTRE_OBTENU`, `ETUDIANT_TIERS_TEMPS`) VALUES
(3, 53507, 'false', 'false', 'false', 'true', 'S2', 'false'),
(4, 5590837, 'false', 'false', 'false', 'true', 'S9', 'true'),
(6, 1424953, 'false', 'false', 'true', 'false', 'S8', 'false'),
(7, 3780822, 'false', 'true', 'true', 'false', 'S1', 'false'),
(12, 2978545, 'false', 'false', 'true', 'false', 'S1', 'false'),
(14, 8247143, 'false', 'false', 'false', 'false', 'S3', 'true'),
(17, 2551673, 'true', 'false', 'true', 'true', 'S6', 'false'),
(27, 1238971, 'true', 'true', 'false', 'false', 'S5', 'false'),
(31, 9159232, 'true', 'false', 'false', 'true', 'S4', 'false'),
(41, 6985724, 'false', 'false', 'true', 'true', 'S9', 'false'),
(42, 3732911, 'false', 'false', 'true', 'true', 'S2', 'false'),
(46, 6029228, 'false', 'true', 'false', 'true', 'S3', 'false'),
(50, 2151235, 'true', 'false', 'true', 'false', 'S7', 'false'),
(51, 5363497, 'false', 'false', 'true', 'true', 'S1', 'true'),
(52, 3880737, 'true', 'true', 'true', 'false', 'S8', 'false'),
(56, 5082258, 'true', 'false', 'false', 'true', 'S1', 'true'),
(57, 4963665, 'true', 'true', 'true', 'false', 'S2', 'false'),
(58, 5788615, 'false', 'true', 'false', 'true', 'S2', 'false'),
(61, 1578615, 'false', 'false', 'false', 'false', 'S6', 'true'),
(62, 5860629, 'false', 'true', 'false', 'true', 'S5', 'true'),
(64, 3194546, 'false', 'false', 'false', 'true', 'S4', 'false'),
(66, 5166655, 'false', 'true', 'true', 'true', 'S3', 'false'),
(67, 4985701, 'false', 'false', 'true', 'true', 'S6', 'false'),
(73, 103914, 'false', 'true', 'false', 'true', 'S1', 'false'),
(76, 4232848, 'false', 'true', 'false', 'false', 'S3', 'true'),
(84, 427651, 'false', 'false', 'true', 'true', 'S2', 'true'),
(87, 3518566, 'true', 'false', 'true', 'false', 'S9', 'true'),
(99, 8996565, 'true', 'true', 'false', 'true', 'S5', 'false'),
(107, 3035932, 'true', 'false', 'false', 'true', 'S8', 'false'),
(111, 6954514, 'false', 'false', 'true', 'true', 'S9', 'true'),
(115, 8942569, 'false', 'true', 'true', 'true', 'S5', 'true'),
(121, 457674, 'true', 'true', 'false', 'true', 'S8', 'false'),
(133, 778823, 'true', 'true', 'false', 'false', 'S3', 'true'),
(138, 4232848, 'true', 'false', 'true', 'true', 'S7', 'true'),
(140, 3518566, 'true', 'false', 'true', 'false', 'S2', 'false'),
(148, 2439608, 'false', 'true', 'true', 'false', 'S8', 'false'),
(149, 660259, 'true', 'false', 'true', 'true', 'S2', 'false'),
(151, 3732911, 'false', 'false', 'true', 'false', 'S1', 'true'),
(159, 3941940, 'true', 'true', 'true', 'false', 'S8', 'false'),
(169, 6566523, 'false', 'true', 'true', 'true', 'S1', 'false'),
(185, 4455554, 'true', 'true', 'true', 'false', 'S3', 'true'),
(191, 6985724, 'true', 'true', 'true', 'false', 'S9', 'true'),
(195, 2553577, 'true', 'false', 'false', 'false', 'S3', 'false'),
(207, 4332078, 'true', 'false', 'true', 'true', 'S5', 'true'),
(212, 2278422, 'false', 'true', 'false', 'true', 'S1', 'false'),
(223, 1715660, 'false', 'true', 'true', 'false', 'S4', 'true'),
(233, 2888496, 'false', 'false', 'false', 'true', 'S9', 'false'),
(235, 8214789, 'true', 'false', 'false', 'true', 'S2', 'true'),
(236, 6442100, 'false', 'true', 'true', 'false', 'S2', 'true'),
(238, 6117742, 'true', 'false', 'false', 'true', 'S9', 'true'),
(252, 5363497, 'false', 'true', 'false', 'false', 'S3', 'true'),
(258, 8226711, 'false', 'false', 'false', 'false', 'S6', 'false'),
(267, 9275386, 'true', 'true', 'false', 'false', 'S1', 'true'),
(270, 6074976, 'true', 'false', 'false', 'false', 'S8', 'false'),
(271, 785024, 'true', 'false', 'true', 'false', 'S6', 'true'),
(283, 8754393, 'false', 'true', 'false', 'false', 'S5', 'false'),
(287, 3849878, 'true', 'true', 'true', 'false', 'S3', 'false'),
(288, 5283462, 'true', 'true', 'true', 'false', 'S7', 'false'),
(291, 4663671, 'true', 'false', 'true', 'false', 'S2', 'false'),
(304, 7435658, 'true', 'false', 'false', 'true', 'S4', 'false'),
(309, 6954514, 'true', 'false', 'false', 'false', 'S1', 'false'),
(315, 3295147, 'true', 'false', 'true', 'true', 'S6', 'false'),
(317, 4596283, 'false', 'false', 'false', 'true', 'S9', 'false'),
(339, 9763350, 'false', 'false', 'false', 'true', 'S6', 'true'),
(343, 3295147, 'true', 'false', 'false', 'true', 'S3', 'false'),
(347, 3043913, 'true', 'false', 'true', 'false', 'S3', 'false'),
(350, 3682923, 'false', 'false', 'false', 'true', 'S9', 'true'),
(355, 4720821, 'false', 'false', 'false', 'true', 'S7', 'true'),
(356, 1851703, 'true', 'true', 'false', 'false', 'S3', 'true'),
(357, 9159232, 'true', 'true', 'false', 'true', 'S7', 'true'),
(359, 9539109, 'true', 'false', 'false', 'false', 'S6', 'false'),
(361, 797812, 'true', 'false', 'false', 'true', 'S9', 'true'),
(366, 7529990, 'false', 'true', 'false', 'true', 'S9', 'true'),
(371, 9763350, 'true', 'false', 'false', 'true', 'S7', 'false'),
(373, 5017608, 'false', 'false', 'false', 'false', 'S1', 'true'),
(376, 6033657, 'false', 'true', 'true', 'false', 'S4', 'false'),
(389, 2932040, 'true', 'true', 'true', 'false', 'S9', 'true'),
(391, 4702796, 'false', 'true', 'true', 'true', 'S8', 'true'),
(392, 9673648, 'false', 'true', 'false', 'false', 'S6', 'false'),
(397, 9345919, 'true', 'false', 'false', 'false', 'S7', 'false'),
(409, 268749, 'false', 'true', 'true', 'false', 'S6', 'true'),
(415, 8135457, 'false', 'true', 'false', 'true', 'S2', 'true'),
(417, 6697776, 'false', 'true', 'false', 'false', 'S4', 'false'),
(432, 2458518, 'false', 'true', 'true', 'false', 'S5', 'false'),
(441, 6442100, 'false', 'false', 'false', 'false', 'S8', 'false'),
(442, 9969122, 'false', 'false', 'false', 'true', 'S9', 'false'),
(447, 4654233, 'true', 'false', 'false', 'false', 'S9', 'false'),
(448, 4985701, 'true', 'false', 'true', 'true', 'S7', 'true'),
(454, 1609114, 'false', 'true', 'true', 'false', 'S7', 'true'),
(459, 9707989, 'false', 'false', 'false', 'false', 'S6', 'false'),
(468, 9751169, 'false', 'true', 'true', 'true', 'S9', 'false'),
(474, 8064641, 'true', 'false', 'false', 'true', 'S8', 'true'),
(476, 4633973, 'false', 'true', 'false', 'false', 'S1', 'true'),
(485, 2367636, 'false', 'true', 'true', 'true', 'S4', 'true'),
(488, 1580780, 'true', 'false', 'false', 'true', 'S5', 'true'),
(489, 5647647, 'false', 'false', 'true', 'false', 'S6', 'false'),
(497, 9382628, 'true', 'true', 'false', 'false', 'S5', 'true'),
(499, 1866784, 'true', 'false', 'true', 'false', 'S5', 'true'),
(501, 1238971, 'false', 'true', 'false', 'false', 'S2', 'false'),
(507, 8719911, 'false', 'true', 'true', 'false', 'S5', 'false'),
(510, 2675601, 'false', 'true', 'false', 'true', 'S6', 'true'),
(520, 8333257, 'false', 'false', 'false', 'false', 'S7', 'false'),
(530, 8064641, 'true', 'true', 'false', 'false', 'S4', 'true'),
(533, 7010651, 'false', 'true', 'false', 'false', 'S1', 'true'),
(535, 9160045, 'false', 'true', 'false', 'false', 'S3', 'true'),
(539, 7384321, 'true', 'false', 'true', 'true', 'S4', 'true'),
(547, 9864318, 'false', 'true', 'false', 'false', 'S8', 'false'),
(550, 9673648, 'false', 'true', 'false', 'true', 'S9', 'false'),
(553, 9366094, 'true', 'true', 'true', 'false', 'S2', 'true'),
(558, 1082501, 'false', 'true', 'true', 'true', 'S1', 'true'),
(564, 8532614, 'true', 'false', 'false', 'false', 'S6', 'false'),
(566, 6131671, 'true', 'false', 'true', 'true', 'S7', 'false'),
(572, 201914, 'true', 'false', 'true', 'true', 'S4', 'true'),
(576, 8954562, 'false', 'true', 'true', 'false', 'S7', 'true'),
(587, 6501159, 'false', 'false', 'false', 'false', 'S3', 'true'),
(588, 1866784, 'false', 'false', 'false', 'false', 'S9', 'false'),
(593, 3093605, 'true', 'true', 'false', 'true', 'S1', 'true'),
(594, 1797596, 'false', 'false', 'false', 'true', 'S4', 'false'),
(602, 53507, 'false', 'true', 'true', 'false', 'S3', 'false'),
(608, 7500467, 'true', 'false', 'false', 'true', 'S4', 'true'),
(611, 3166453, 'true', 'false', 'false', 'true', 'S2', 'false'),
(612, 48909, 'false', 'true', 'false', 'false', 'S4', 'true'),
(625, 9746810, 'false', 'true', 'false', 'false', 'S5', 'true'),
(626, 6059042, 'false', 'true', 'true', 'false', 'S5', 'false'),
(630, 5017608, 'true', 'true', 'true', 'true', 'S8', 'true'),
(631, 2675601, 'false', 'false', 'true', 'false', 'S8', 'false'),
(637, 1172335, 'false', 'false', 'true', 'true', 'S5', 'false'),
(638, 6474075, 'false', 'false', 'true', 'true', 'S3', 'false'),
(639, 9426826, 'true', 'false', 'false', 'true', 'S1', 'true'),
(647, 2367636, 'false', 'false', 'true', 'true', 'S4', 'true'),
(649, 5338037, 'true', 'true', 'true', 'false', 'S7', 'true'),
(650, 201914, 'true', 'true', 'false', 'false', 'S5', 'true'),
(651, 2364058, 'true', 'true', 'false', 'true', 'S5', 'false'),
(661, 7651868, 'false', 'true', 'true', 'true', 'S3', 'false'),
(664, 3372137, 'false', 'false', 'true', 'true', 'S1', 'true'),
(667, 457674, 'false', 'true', 'false', 'true', 'S7', 'true'),
(673, 2486335, 'true', 'true', 'false', 'false', 'S6', 'true'),
(684, 4569453, 'false', 'true', 'false', 'false', 'S1', 'false'),
(685, 7820037, 'false', 'false', 'true', 'true', 'S2', 'false'),
(689, 5082258, 'true', 'false', 'false', 'false', 'S8', 'true'),
(690, 1163477, 'true', 'true', 'true', 'true', 'S4', 'false'),
(700, 2486335, 'false', 'false', 'true', 'true', 'S4', 'false'),
(702, 7416285, 'true', 'false', 'true', 'true', 'S6', 'false'),
(713, 4618325, 'false', 'false', 'true', 'true', 'S4', 'false'),
(725, 7903362, 'true', 'false', 'true', 'false', 'S2', 'false'),
(727, 2626996, 'false', 'false', 'true', 'false', 'S7', 'false'),
(728, 7531771, 'true', 'true', 'true', 'true', 'S2', 'true'),
(731, 4286425, 'true', 'true', 'true', 'false', 'S7', 'false'),
(736, 8158587, 'true', 'false', 'false', 'false', 'S9', 'false'),
(738, 6117742, 'false', 'true', 'false', 'false', 'S6', 'false'),
(746, 7986190, 'false', 'true', 'true', 'true', 'S9', 'false'),
(748, 6530636, 'true', 'true', 'false', 'false', 'S7', 'true'),
(750, 8777056, 'false', 'true', 'false', 'false', 'S8', 'false'),
(760, 1835712, 'false', 'true', 'false', 'false', 'S2', 'true'),
(771, 7141625, 'true', 'false', 'false', 'true', 'S7', 'false'),
(775, 3568138, 'false', 'true', 'true', 'false', 'S4', 'true'),
(776, 5590837, 'true', 'true', 'true', 'false', 'S4', 'true'),
(785, 6954514, 'true', 'false', 'true', 'true', 'S9', 'true'),
(789, 9763350, 'true', 'false', 'true', 'true', 'S6', 'false'),
(794, 3457967, 'false', 'false', 'true', 'true', 'S2', 'false'),
(801, 5793325, 'true', 'true', 'false', 'true', 'S4', 'true'),
(806, 4266655, 'true', 'true', 'true', 'true', 'S2', 'false'),
(808, 1134777, 'true', 'true', 'true', 'false', 'S5', 'true'),
(829, 4466721, 'false', 'true', 'false', 'false', 'S3', 'false'),
(833, 6985724, 'true', 'true', 'true', 'false', 'S4', 'true'),
(835, 7521872, 'true', 'true', 'false', 'false', 'S3', 'false'),
(841, 7340421, 'false', 'false', 'true', 'false', 'S1', 'false'),
(842, 4091769, 'true', 'true', 'true', 'true', 'S4', 'false'),
(848, 4453011, 'false', 'false', 'true', 'false', 'S6', 'true'),
(858, 2151235, 'false', 'true', 'false', 'false', 'S9', 'false'),
(861, 9707989, 'false', 'true', 'false', 'false', 'S7', 'false'),
(873, 6342654, 'false', 'false', 'false', 'true', 'S9', 'true'),
(878, 6407518, 'true', 'false', 'false', 'true', 'S5', 'false'),
(884, 9138077, 'true', 'true', 'true', 'false', 'S7', 'false'),
(885, 3166453, 'false', 'true', 'true', 'true', 'S9', 'false'),
(893, 9564125, 'false', 'true', 'true', 'false', 'S8', 'false'),
(909, 8579434, 'true', 'true', 'true', 'false', 'S7', 'true'),
(910, 8094110, 'false', 'true', 'true', 'true', 'S4', 'false'),
(911, 6627448, 'true', 'true', 'true', 'false', 'S7', 'true'),
(916, 7146630, 'true', 'false', 'true', 'false', 'S1', 'false'),
(924, 3043913, 'true', 'true', 'true', 'false', 'S9', 'false'),
(927, 5942095, 'true', 'false', 'false', 'false', 'S1', 'false'),
(932, 7916581, 'false', 'true', 'false', 'true', 'S2', 'true'),
(938, 6104687, 'false', 'true', 'true', 'false', 'S9', 'true'),
(951, 2115826, 'false', 'false', 'true', 'true', 'S6', 'true'),
(967, 5657262, 'true', 'true', 'false', 'false', 'S8', 'true'),
(983, 3457967, 'true', 'false', 'true', 'true', 'S8', 'false'),
(985, 1424953, 'true', 'false', 'false', 'false', 'S8', 'false');


-- --------------------------------------------------------
--
-- Insertion pour la table `ue`
--
-- --------------------------------------------------------


INSERT INTO `ue` (`ID_UE`, `CODE_APOGEE`, `TYPE`, `LIBELLE`) VALUES
(2, 'SLA7XZ89', 'OBL', 'Quo distinctio unde.'),
(45, 'SLA6XX29', 'OPL', 'Ea adipisci.'),
(48, 'SLA6NK54', 'OPL', 'Architecto maxime.'),
(49, 'SLA8KB60', 'OPL', 'Dolores repellat.'),
(64, 'SLA2FU27', 'OBL', 'Aspernatur aut conse'),
(70, 'SLA7VO27', 'OBL', 'Quam ullam.'),
(84, 'SLA2NL72', 'OPL', 'Recusandae nam ipsa.'),
(99, 'SLA4OA72', 'OPL', 'Placeat quos vitae.'),
(100, 'SLA3SF93', 'OBL', 'Officiis temporibus '),
(110, 'SLA6NP04', 'OPL', 'Et qui ullam.'),
(116, 'SLA3BX58', 'OPL', 'Ipsam aut vel.'),
(127, 'SLA7QE63', 'OBL', 'Et quidem et.'),
(128, 'SLA2BT09', 'OPL', 'Sed dolorum incidunt'),
(178, 'SLA2FF92', 'OBL', 'Consequatur molestia'),
(222, 'SLA3BX86', 'OPL', 'Et optio.'),
(233, 'SLA6PD31', 'OPL', 'Sapiente dignissimos'),
(276, 'SLA8YT25', 'OPL', 'Nulla nihil est.'),
(277, 'SLA2QC66', 'OBL', 'Ea voluptatem sunt.'),
(297, 'SLA2FM03', 'OBL', 'Hic dolores.'),
(330, 'SLA3FS56', 'OPL', 'Voluptas in.'),
(335, 'SLA9YX47', 'OPL', 'Dolore vitae a.'),
(346, 'SLA8BY36', 'OPL', 'Molestiae aliquam.'),
(348, 'SLA3EF19', 'OPL', 'Sed sed nostrum.'),
(367, 'SLA2TX38', 'OBL', 'Voluptate id.'),
(370, 'SLA2DZ52', 'OBL', 'Est quo.'),
(386, 'SLA3UD76', 'OBL', 'Culpa eveniet.'),
(388, 'SLA2IW64', 'OBL', 'Aut nostrum.'),
(390, 'SLA5KZ94', 'OPL', 'Vel pariatur quam.'),
(424, 'SLA6VB72', 'OBL', 'Architecto molestias'),
(429, 'SLA4DN57', 'OBL', 'Illo voluptatem ex.'),
(431, 'SLA3DY28', 'OBL', 'Nisi accusantium.'),
(434, 'SLA7EG77', 'OPL', 'Animi dolorum.'),
(465, 'SLA1NB33', 'OBL', 'Natus eaque occaecat'),
(475, 'SLA5VS58', 'OBL', 'Sit vel.'),
(493, 'SLA1LB62', 'OPL', 'In vitae.'),
(505, 'SLA3BL51', 'OBL', 'Itaque voluptatibus '),
(506, 'SLA6LL95', 'OPL', 'Et reiciendis omnis.'),
(509, 'SLA1KB87', 'OBL', 'Quisquam earum.'),
(512, 'SLA2HT66', 'OPL', 'Aperiam repudiandae '),
(522, 'SLA6KK06', 'OPL', 'Iure voluptatem.'),
(531, 'SLA6KN60', 'OPL', 'Et laudantium error.'),
(535, 'SLA8YJ99', 'OBL', 'Molestias aut sed.'),
(542, 'SLA9AX02', 'OPL', 'Tempore qui.'),
(551, 'SLA2NQ19', 'OBL', 'Eveniet iste qui.'),
(567, 'SLA6SJ99', 'OBL', 'Eos excepturi sapien'),
(568, 'SLA2CI74', 'OBL', 'Autem sequi qui.'),
(581, 'SLA8CS89', 'OBL', 'Exercitationem simil'),
(590, 'SLA4CY44', 'OBL', 'Culpa molestiae quas'),
(594, 'SLA7HJ32', 'OPL', 'Recusandae debitis q'),
(603, 'SLA3NH39', 'OPL', 'Labore laudantium.'),
(613, 'SLA6CS08', 'OBL', 'Adipisci reiciendis.'),
(634, 'SLA2VK97', 'OBL', 'Qui labore hic.'),
(647, 'SLA7NJ95', 'OPL', 'Et nisi.'),
(649, 'SLA7QT18', 'OBL', 'Numquam illum.'),
(667, 'SLA6GU08', 'OPL', 'Nihil sequi.'),
(671, 'SLA8SU77', 'OPL', 'Possimus sit pariatu'),
(693, 'SLA9UR53', 'OBL', 'Quis deserunt.'),
(699, 'SLA9AD99', 'OPL', 'Occaecati harum.'),
(758, 'SLA1ME41', 'OBL', 'Sed ut ipsum.'),
(759, 'SLA1ZJ53', 'OPL', 'Esse soluta.'),
(799, 'SLA2BC53', 'OPL', 'Minima alias.'),
(823, 'SLA1VC70', 'OBL', 'Eum amet.'),
(826, 'SLA7RW38', 'OPL', 'Corporis nam volupta'),
(860, 'SLA9KL50', 'OBL', 'Ratione excepturi.'),
(881, 'SLA4TD17', 'OBL', 'Explicabo et numquam'),
(891, 'SLA4ZQ73', 'OBL', 'Sed placeat voluptat'),
(901, 'SLA1QC47', 'OPL', 'Perspiciatis aut opt'),
(957, 'SLA5DN70', 'OBL', 'Autem esse.'),
(993, 'SLA9BC78', 'OBL', 'Repellat veritatis i');


-- --------------------------------------------------------
--
-- Insertion pour la table `ue_parcours`
--
-- --------------------------------------------------------


INSERT INTO `ue_parcours` (`ID_UE`, `ID_PARCOURS`, `ID_UE_FICHE`, `ECTS`, `ANNEE_PARCOURS`, `SEMESTRE`, `RSE`, `VALIDATION_RSE`, `INSCRIPTION`, `V_NOTE`) VALUES
(2, 261, 911, 6, '2011', 'S4', 'true', 'validee', 'true', 1.98),
(2, 393, 665, 6, '2007', 'S2', 'true', 'en cours', 'true', 15.82),
(45, 497, 709, 6, '1978', 'S7', 'true', 'en cours', 'true', 3.34),
(45, 567, 16, 2, '1990', 'S4', 'false', 'en cours', 'false', 10.31),
(45, 654, 478, 2, '1989', 'S8', 'true', 'en cours', 'true', 16.67),
(48, 261, 19, 3, '2018', 'S5', 'true', 'validee', 'true', 3.71),
(48, 599, 857, 3, '1998', 'S1', 'false', 'validee', 'false', 3.12),
(48, 654, 200, 7, '2009', 'S1', 'true', 'validee', 'true', 12.66),
(49, 173, 968, 4, '1971', 'S6', 'false', 'en cours', 'false', 18.17),
(64, 235, 121, 9, '1990', 'S4', 'false', 'refusee', 'false', 14.8),
(64, 497, 465, 9, '1995', 'S1', 'false', 'validee', 'false', 17.68),
(64, 654, 848, 1, '1988', 'S9', 'false', 'en cours', 'false', 17.78),
(70, 60, 996, 4, '2004', 'S2', 'false', 'en cours', 'false', 14.61),
(70, 599, 269, 5, '1982', 'S5', 'false', 'refusee', 'false', 8.68),
(84, 177, 173, 8, '1998', 'S8', 'true', 'en cours', 'true', 18.05),
(99, 235, 255, 1, '1980', 'S1', 'false', 'refusee', 'true', 13.38),
(99, 462, 931, 2, '2000', 'S4', 'false', 'refusee', 'false', 10.04),
(99, 659, 119, 7, '2008', 'S7', 'false', 'refusee', 'true', 15.12),
(99, 768, 660, 2, '2011', 'S8', 'false', 'refusee', 'true', 4.1),
(100, 261, 378, 5, '1996', 'S6', 'true', 'validee', 'true', 3.9),
(110, 196, 602, 2, '2000', 'S6', 'false', 'en cours', 'false', 1.16),
(110, 693, 128, 4, '1985', 'S8', 'false', 'en cours', 'false', 7.06),
(110, 693, 795, 9, '1986', 'S3', 'false', 'refusee', 'true', 5.03),
(110, 929, 663, 1, '2016', 'S3', 'false', 'refusee', 'true', 16.32),
(127, 150, 879, 1, '2015', 'S9', 'false', 'en cours', 'false', 8.28),
(127, 497, 650, 4, '2013', 'S9', 'true', 'validee', 'true', 14.89),
(127, 599, 714, 3, '1995', 'S8', 'false', 'refusee', 'false', 19.71),
(178, 654, 556, 7, '1972', 'S1', 'false', 'refusee', 'false', 0.33),
(222, 235, 743, 7, '2011', 'S1', 'false', 'refusee', 'false', 6.49),
(222, 261, 83, 3, '1986', 'S4', 'false', 'refusee', 'false', 7.33),
(222, 462, 169, 7, '2007', 'S6', 'false', 'refusee', 'false', 5.26),
(222, 941, 451, 1, '1978', 'S3', 'false', 'refusee', 'true', 15.24),
(233, 289, 513, 6, '2017', 'S9', 'false', 'en cours', 'false', 12.91),
(277, 173, 721, 7, '2000', 'S2', 'false', 'refusee', 'false', 1.66),
(297, 369, 79, 1, '2008', 'S6', 'false', 'refusee', 'false', 16.6),
(297, 517, 971, 4, '2017', 'S7', 'false', 'refusee', 'true', 9.75),
(330, 768, 405, 1, '1981', 'S3', 'false', 'validee', 'false', 9.21),
(335, 177, 83, 1, '1991', 'S7', 'true', 'en cours', 'true', 3.83),
(346, 385, 540, 8, '2000', 'S9', 'false', 'en cours', 'false', 9.8),
(348, 929, 304, 7, '2008', 'S6', 'true', 'en cours', 'true', 8.09),
(367, 654, 976, 6, '1979', 'S9', 'true', 'en cours', 'true', 8.78),
(370, 640, 883, 8, '1982', 'S7', 'true', 'validee', 'true', 16.23),
(370, 929, 303, 7, '1971', 'S8', 'false', 'refusee', 'true', 9.24),
(386, 173, 563, 3, '1979', 'S1', 'true', 'validee', 'true', 2.59),
(388, 385, 357, 6, '2016', 'S7', 'true', 'en cours', 'true', 0.64),
(390, 659, 956, 3, '1999', 'S2', 'false', 'refusee', 'true', 19.87),
(429, 61, 537, 5, '1995', 'S8', 'true', 'en cours', 'true', 6.28),
(429, 177, 764, 7, '2014', 'S6', 'false', 'en cours', 'false', 10.29),
(429, 941, 819, 3, '1978', 'S1', 'true', 'validee', 'true', 11.46),
(434, 126, 387, 6, '1981', 'S5', 'false', 'validee', 'false', 1.52),
(465, 150, 784, 2, '1991', 'S7', 'true', 'en cours', 'true', 6.15),
(465, 606, 706, 4, '1994', 'S4', 'true', 'validee', 'true', 5.56),
(475, 177, 686, 5, '1984', 'S3', 'false', 'refusee', 'false', 11.8),
(475, 659, 894, 2, '1973', 'S1', 'false', 'en cours', 'false', 12.85),
(493, 61, 636, 3, '2014', 'S5', 'false', 'en cours', 'false', 3.04),
(493, 599, 246, 7, '1982', 'S5', 'false', 'refusee', 'false', 11.86),
(505, 235, 914, 4, '1996', 'S5', 'false', 'refusee', 'false', 7.18),
(506, 261, 763, 4, '1972', 'S8', 'false', 'validee', 'false', 8.9),
(509, 421, 192, 4, '2003', 'S5', 'false', 'refusee', 'true', 5.93),
(512, 137, 609, 3, '2020', 'S9', 'false', 'refusee', 'false', 2.32),
(522, 654, 888, 5, '2009', 'S7', 'false', 'refusee', 'true', 18.01),
(535, 126, 190, 7, '2011', 'S9', 'false', 'en cours', 'false', 18.76),
(535, 393, 737, 8, '1973', 'S6', 'false', 'en cours', 'false', 10.17),
(535, 394, 426, 9, '2019', 'S2', 'true', 'en cours', 'true', 8.27),
(535, 497, 819, 8, '1978', 'S6', 'false', 'en cours', 'false', 15.49),
(535, 567, 994, 9, '1979', 'S6', 'false', 'refusee', 'true', 12.94),
(551, 196, 198, 3, '2017', 'S8', 'true', 'en cours', 'true', 12.4),
(551, 929, 550, 8, '2009', 'S6', 'false', 'validee', 'false', 2.62),
(567, 177, 565, 9, '1979', 'S3', 'true', 'validee', 'true', 11.95),
(567, 567, 487, 2, '1986', 'S9', 'false', 'refusee', 'false', 0.87),
(567, 941, 830, 2, '1982', 'S2', 'true', 'validee', 'true', 10.78),
(568, 777, 645, 5, '1986', 'S4', 'true', 'validee', 'true', 16.09),
(581, 215, 576, 8, '1987', 'S7', 'true', 'en cours', 'true', 15.92),
(590, 656, 524, 1, '1981', 'S3', 'true', 'validee', 'true', 17.72),
(594, 196, 865, 5, '1983', 'S3', 'true', 'en cours', 'true', 6.8),
(594, 289, 903, 5, '1981', 'S6', 'true', 'validee', 'true', 7.98),
(594, 497, 459, 1, '1986', 'S7', 'true', 'en cours', 'true', 4.84),
(594, 941, 615, 5, '1997', 'S2', 'false', 'validee', 'false', 10.04),
(603, 168, 171, 3, '1984', 'S5', 'false', 'refusee', 'true', 14.93),
(603, 168, 301, 5, '1990', 'S9', 'false', 'refusee', 'true', 6.93),
(603, 385, 836, 2, '1991', 'S6', 'true', 'validee', 'true', 16.35),
(634, 517, 825, 1, '1993', 'S8', 'false', 'refusee', 'true', 18.64),
(647, 261, 537, 3, '2000', 'S2', 'false', 'refusee', 'false', 17.24),
(647, 478, 809, 8, '1984', 'S4', 'false', 'refusee', 'true', 12.59),
(647, 941, 978, 3, '1996', 'S1', 'true', 'validee', 'true', 5.77),
(667, 177, 577, 1, '2003', 'S8', 'true', 'validee', 'true', 10.98),
(671, 235, 320, 9, '2018', 'S3', 'false', 'en cours', 'false', 8.78),
(671, 599, 258, 5, '1970', 'S4', 'false', 'en cours', 'false', 18.75),
(693, 369, 17, 7, '2012', 'S2', 'true', 'en cours', 'true', 16.75),
(699, 768, 807, 7, '2005', 'S8', 'true', 'validee', 'true', 14.6),
(758, 137, 634, 4, '2007', 'S2', 'false', 'refusee', 'true', 11.63),
(758, 173, 203, 1, '1987', 'S2', 'false', 'refusee', 'false', 5.9),
(758, 640, 483, 7, '2001', 'S7', 'true', 'validee', 'true', 9.85),
(758, 654, 709, 9, '1998', 'S5', 'true', 'en cours', 'true', 18.07),
(758, 948, 446, 1, '1991', 'S1', 'false', 'validee', 'false', 0.97),
(759, 168, 512, 8, '2009', 'S7', 'false', 'validee', 'false', 3.24),
(799, 150, 700, 6, '1996', 'S7', 'false', 'validee', 'false', 5),
(799, 369, 297, 3, '2007', 'S9', 'false', 'validee', 'false', 0.97),
(799, 421, 356, 8, '1997', 'S3', 'false', 'validee', 'false', 7.02),
(799, 497, 82, 6, '1980', 'S7', 'false', 'refusee', 'true', 10.4),
(826, 24, 894, 1, '2002', 'S5', 'true', 'validee', 'true', 14.57),
(826, 307, 77, 4, '2020', 'S7', 'false', 'refusee', 'true', 13.34),
(826, 438, 765, 1, '2020', 'S5', 'true', 'validee', 'true', 6.48),
(826, 462, 8, 7, '2007', 'S9', 'false', 'refusee', 'true', 10.17),
(881, 235, 910, 8, '1979', 'S3', 'false', 'refusee', 'false', 11.82),
(881, 948, 566, 2, '1993', 'S8', 'false', 'refusee', 'false', 12.68),
(891, 196, 921, 6, '2011', 'S9', 'false', 'validee', 'false', 16.73),
(891, 394, 735, 3, '1986', 'S4', 'false', 'en cours', 'false', 5.15),
(891, 462, 673, 9, '2020', 'S1', 'true', 'validee', 'true', 15.93),
(891, 659, 471, 7, '2010', 'S7', 'true', 'validee', 'true', 19.89),
(891, 948, 120, 5, '1982', 'S2', 'false', 'refusee', 'false', 9.62),
(901, 385, 306, 9, '2006', 'S7', 'false', 'refusee', 'true', 5.53),
(957, 215, 511, 3, '1985', 'S3', 'false', 'refusee', 'true', 13.43),
(957, 289, 795, 2, '1979', 'S6', 'false', 'refusee', 'true', 11.3),
(957, 478, 524, 2, '1995', 'S3', 'false', 'en cours', 'false', 13.08),
(993, 393, 705, 9, '1992', 'S3', 'false', 'validee', 'false', 12.11),
(993, 438, 477, 7, '1976', 'S2', 'true', 'en cours', 'true', 14.33),
(993, 497, 384, 2, '2014', 'S3', 'false', 'refusee', 'true', 19.54),
(993, 654, 390, 7, '1992', 'S4', 'true', 'en cours', 'true', 13.63),
(993, 948, 104, 6, '1983', 'S1', 'false', 'refusee', 'false', 4.56);

